{
  "parse": {
    "strict": false
  },
  "compress": {
    "sequences"     : true,
    "properties"    : true,
    "dead_code"     : true,
    "drop_debugger" : true,
    "unsafe"        : true,
    "unsafe_comps"  : true,
    "conditionals"  : true,
    "comparisons"   : true,
    "evaluate"      : true,
    "booleans"      : true,
    "loops"         : true,
    "unused"        : true,
    "hoist_funs"    : true,
    "hoist_vars"    : false,
    "if_return"     : true,
    "join_vars"     : true,
    "cascade"       : true,
    "side_effects"  : true,
    "negate_iife"   : true,

    "warnings"      : true,
    "global_defs"   : {}
  },
  "output": {
    "indent_start"  : 0,
    "indent_level"  : 4,
    "quote_keys"    : false,
    "ascii_only"    : false,
    "inline_script" : true,
    "width"         : 80,
    "max_line_len"  : 32000,
    "beautify"      : false,
    "source_map"    : null,
    "bracketize"    : false,
    "semicolons"    : true,
    "preserve_line" : false
  },
  "ie8" : true
}
