{
  "f8e6b000-5643-4b86-9080-aa680ce1f599": {
    "asset": 1520237598000,
    "meta": 1520237598000,
    "relativePath": "image"
  },
  "e851e89b-faa2-4484-bea6-5c01dd9f06e2": {
    "asset": 1520237598000,
    "meta": 1537407459380,
    "relativePath": "image/default_btn_normal.png"
  },
  "71561142-4c83-4933-afca-cb7a17f67053": {
    "asset": 1520237598000,
    "meta": 1537407459377,
    "relativePath": "image/default_btn_disabled.png"
  },
  "d81ec8ad-247c-4e62-aa3c-d35c4193c7af": {
    "asset": 1520237598000,
    "meta": 1537407459392,
    "relativePath": "image/default_panel.png"
  },
  "b43ff3c2-02bb-4874-81f7-f2dea6970f18": {
    "asset": 1520237598000,
    "meta": 1537407459397,
    "relativePath": "image/default_btn_pressed.png"
  },
  "99170b0b-d210-46f1-b213-7d9e3f23098a": {
    "asset": 1520237598000,
    "meta": 1537407459400,
    "relativePath": "image/default_progressbar_bg.png"
  },
  "cfef78f1-c8df-49b7-8ed0-4c953ace2621": {
    "asset": 1520237598000,
    "meta": 1537407459409,
    "relativePath": "image/default_progressbar.png"
  },
  "567dcd80-8bf4-4535-8a5a-313f1caf078a": {
    "asset": 1520237598000,
    "meta": 1537407459413,
    "relativePath": "image/default_radio_button_off.png"
  },
  "9d60001f-b5f4-4726-a629-2659e3ded0b8": {
    "asset": 1520237598000,
    "meta": 1537407459419,
    "relativePath": "image/default_radio_button_on.png"
  },
  "4bab67cb-18e6-4099-b840-355f0473f890": {
    "asset": 1520237598000,
    "meta": 1537407459421,
    "relativePath": "image/default_scrollbar_bg.png"
  },
  "617323dd-11f4-4dd3-8eec-0caf6b3b45b9": {
    "asset": 1520237598000,
    "meta": 1537407459439,
    "relativePath": "image/default_scrollbar_vertical_bg.png"
  },
  "d6d3ca85-4681-47c1-b5dd-d036a9d39ea2": {
    "asset": 1520237598000,
    "meta": 1537407459435,
    "relativePath": "image/default_scrollbar_vertical.png"
  },
  "0291c134-b3da-4098-b7b5-e397edbe947f": {
    "asset": 1520237598000,
    "meta": 1537407459444,
    "relativePath": "image/default_scrollbar.png"
  },
  "0275e94c-56a7-410f-bd1a-fc7483f7d14a": {
    "asset": 1520237598000,
    "meta": 1537407459446,
    "relativePath": "image/default_sprite_splash.png"
  },
  "6e056173-d285-473c-b206-40a7fff5386e": {
    "asset": 1520237598000,
    "meta": 1537407459453,
    "relativePath": "image/default_sprite.png"
  },
  "73a0903d-d80e-4e3c-aa67-f999543c08f5": {
    "asset": 1520237598000,
    "meta": 1537407459453,
    "relativePath": "image/default_toggle_checkmark.png"
  },
  "c25b9d50-c8fc-4d27-beeb-6e7c1f2e5c0f": {
    "asset": 1520237598000,
    "meta": 1537407459468,
    "relativePath": "image/default_toggle_disabled.png"
  },
  "d29077ba-1627-4a72-9579-7b56a235340c": {
    "asset": 1520237598000,
    "meta": 1537407459466,
    "relativePath": "image/default_toggle_normal.png"
  },
  "fc09f9bd-2cce-4605-b630-8145ef809ed6": {
    "asset": 1520237598000,
    "meta": 1520237598000,
    "relativePath": "misc"
  },
  "2be36297-9abb-4fee-8049-9ed5e271da8a": {
    "asset": 1520237598000,
    "meta": 1520237598000,
    "relativePath": "misc/default_video.mp4"
  },
  "f6e6dd15-71d1-4ffe-ace7-24fd39942c05": {
    "asset": 1520237598000,
    "meta": 1520237598000,
    "relativePath": "obsolete"
  },
  "b8223619-7e38-47c4-841f-9160c232495a": {
    "asset": 1520237598000,
    "meta": 1520237598000,
    "relativePath": "obsolete/atom.plist"
  },
  "f743d2b6-b7ea-4c14-a55b-547ed4d0a045": {
    "asset": 1520237598000,
    "meta": 1520237598000,
    "relativePath": "particle"
  },
  "b181c1e4-0a72-4a91-bfb0-ae6f36ca60bd": {
    "asset": 1520237598000,
    "meta": 1537407459479,
    "relativePath": "image/default_toggle_pressed.png"
  },
  "b2687ac4-099e-403c-a192-ff477686f4f5": {
    "asset": 1520237598000,
    "meta": 1520237598000,
    "relativePath": "particle/atom.plist"
  },
  "ae6c6c98-11e4-452f-8758-75f5c6a56e83": {
    "asset": 1520237598000,
    "meta": 1520237598000,
    "relativePath": "prefab"
  },
  "972b9a4d-47ee-4c74-b5c3-61d8a69bc29f": {
    "asset": 1520237598000,
    "meta": 1537407459471,
    "relativePath": "prefab/button.prefab"
  },
  "2c937608-2562-40ea-b264-7395df6f0cea": {
    "asset": 1520237598000,
    "meta": 1537407459473,
    "relativePath": "prefab/canvas.prefab"
  },
  "27756ebb-3d33-44b0-9b96-e858fadd4dd4": {
    "asset": 1520237598000,
    "meta": 1537407459476,
    "relativePath": "prefab/label.prefab"
  },
  "61aeb05b-3b32-452b-8eed-2b76deeed554": {
    "asset": 1520237598000,
    "meta": 1537407459475,
    "relativePath": "prefab/editbox.prefab"
  },
  "ca8401fe-ad6e-41a8-bd46-8e3e4e9945be": {
    "asset": 1520237598000,
    "meta": 1537407459482,
    "relativePath": "prefab/pageview.prefab"
  },
  "785a442c-3ceb-45be-a46e-7317f625f3b9": {
    "asset": 1520237598000,
    "meta": 1537407459478,
    "relativePath": "prefab/layout.prefab"
  },
  "5965ffac-69da-4b55-bcde-9225d0613c28": {
    "asset": 1520237598000,
    "meta": 1537407459485,
    "relativePath": "prefab/progressBar.prefab"
  },
  "cd33edea-55f5-46c2-958d-357a01384a36": {
    "asset": 1520237598000,
    "meta": 1537407459481,
    "relativePath": "prefab/particlesystem.prefab"
  },
  "4a37dd57-78cd-4cec-aad4-f11a73d12b63": {
    "asset": 1520237598000,
    "meta": 1537407459486,
    "relativePath": "prefab/richtext.prefab"
  },
  "32044bd2-481f-4cf1-a656-e2b2fb1594eb": {
    "asset": 1520237598000,
    "meta": 1537407459489,
    "relativePath": "prefab/scrollview.prefab"
  },
  "1f55e3be-b89b-4b79-88de-47fd31018044": {
    "asset": 1520237598000,
    "meta": 1537407459492,
    "relativePath": "prefab/sprite_splash.prefab"
  },
  "0004d1cf-a0ad-47d8-ab17-34d3db9d35a3": {
    "asset": 1520237598000,
    "meta": 1537407459489,
    "relativePath": "prefab/slider.prefab"
  },
  "96083d03-c332-4a3f-9386-d03e2d19e8ee": {
    "asset": 1520237598000,
    "meta": 1537407459491,
    "relativePath": "prefab/sprite.prefab"
  },
  "7de03a80-4457-438d-95a7-3e7cdffd6086": {
    "asset": 1520237598000,
    "meta": 1537407459493,
    "relativePath": "prefab/tiledmap.prefab"
  },
  "0d784963-d024-4ea6-a7db-03be0ad63010": {
    "asset": 1520237598000,
    "meta": 1537407459495,
    "relativePath": "prefab/toggle.prefab"
  },
  "bf0a434c-84dd-4a8e-a08a-7a36f180cc75": {
    "asset": 1520237598000,
    "meta": 1537407459496,
    "relativePath": "prefab/toggleContainer.prefab"
  },
  "232d2782-c4bd-4bb4-9e01-909f03d6d3b9": {
    "asset": 1520237598000,
    "meta": 1537407459507,
    "relativePath": "prefab/videoplayer.prefab"
  },
  "d1b8be49-b0a0-435c-83b7-552bed4bbe35": {
    "asset": 1520237598000,
    "meta": 1537407459506,
    "relativePath": "prefab/toggleGroup.prefab"
  },
  "8c5001fd-07ee-4a4b-a8a0-63e15195e94d": {
    "asset": 1520237598000,
    "meta": 1537407459508,
    "relativePath": "prefab/webview.prefab"
  },
  "cefd8f06-3eb5-41e5-af3c-1147d9d5aba5": {
    "asset": 1501696254000,
    "meta": 1501696254000,
    "relativePath": "Scene"
  },
  "17aaf243-c23c-4a12-903c-cb218f4ae3ba": {
    "asset": 1501696254000,
    "meta": 1501696254000,
    "relativePath": "Script"
  },
  "612c3dcf-209c-41bc-a081-6d760b8ec6ca": {
    "asset": 1528271042000,
    "meta": 1528271042000,
    "relativePath": "Scene/first.fire"
  },
  "69937159-e460-4ac7-8b5f-0a75174be910": {
    "asset": 1501696254000,
    "meta": 1528192720000,
    "relativePath": "Script/bg.js"
  },
  "52f53bcc-3ec1-408e-9cda-5ef0fb82a1db": {
    "asset": 1501696254000,
    "meta": 1528192720000,
    "relativePath": "Script/close.js"
  },
  "3f8e3d4a-f094-441a-8a73-d6dc77980435": {
    "asset": 1501696254000,
    "meta": 1528192720000,
    "relativePath": "Script/monster.js"
  },
  "9d4a61c1-bf1d-4b3b-b022-425be2d046a1": {
    "asset": 1501696254000,
    "meta": 1501696254000,
    "relativePath": "Texture"
  },
  "a668b3e7-f132-4cee-ab6d-2b8e580d7dbe": {
    "asset": 1501696254000,
    "meta": 1528192720000,
    "relativePath": "Script/reset.js"
  },
  "38ba4fa0-b30e-497c-8bcb-a81d10074a47": {
    "asset": 1501696254000,
    "meta": 1528192720000,
    "relativePath": "Texture/box.png"
  },
  "8c9573d1-a701-47ad-997d-f8e9cd80cab6": {
    "asset": 1501696254000,
    "meta": 1528192720000,
    "relativePath": "Texture/boss.png"
  },
  "48392dcc-fade-43ea-a721-964c1186e1c0": {
    "asset": 1501696254000,
    "meta": 1528192720000,
    "relativePath": "Texture/btn.png"
  },
  "d959625d-5dc3-48cc-abc9-518202e379b5": {
    "asset": 1501696254000,
    "meta": 1528192720000,
    "relativePath": "Texture/close.png"
  },
  "0e9af949-63a2-4277-a03c-a12d238c536a": {
    "asset": 1501696254000,
    "meta": 1528192720000,
    "relativePath": "Texture/firstBg.png"
  },
  "3bf9efd8-a844-4caf-a660-3cf3f1725299": {
    "asset": 1501696254000,
    "meta": 1528192720000,
    "relativePath": "Texture/firstFg.png"
  },
  "fb7a2396-1737-4602-9eb9-f8869516c953": {
    "asset": 1501696254000,
    "meta": 1528192720000,
    "relativePath": "Texture/monster1.png"
  },
  "beb446b3-9536-4dab-adb2-83e45eb4099d": {
    "asset": 1501696254000,
    "meta": 1528192720000,
    "relativePath": "Texture/hero.png"
  },
  "e400bd24-6476-4899-b2fd-d7b39823b9a8": {
    "asset": 1501696254000,
    "meta": 1528192720000,
    "relativePath": "Texture/monster3.png"
  },
  "aa104c72-34b4-42e4-9e7a-e8e9c3c970bd": {
    "asset": 1501696254000,
    "meta": 1528192720000,
    "relativePath": "Texture/monster2.png"
  },
  "5db7ac08-31fb-4c0c-a08a-f75e29d2e7b9": {
    "asset": 1501696254000,
    "meta": 1528192720000,
    "relativePath": "Texture/resultBg.png"
  },
  "26b4ebdb-380e-4c60-94c1-b88f617e1fb4": {
    "asset": 1528271031000,
    "meta": 1528271042000,
    "relativePath": "Script/hero.js"
  },
  "b2cccc4b-add0-428d-9275-f5bc8cce348c": {
    "asset": 1528271037000,
    "meta": 1528271042000,
    "relativePath": "Script/hit.js"
  }
}