[
  {
    "__type__": "cc.SceneAsset",
    "_name": "first",
    "_objFlags": 0,
    "_rawFiles": null,
    "scene": {
      "__id__": 1
    },
    "asyncLoadAssets": false
  },
  {
    "__type__": "cc.Scene",
    "_objFlags": 0,
    "_parent": null,
    "_children": [
      {
        "__id__": 2
      }
    ],
    "_tag": -1,
    "_active": true,
    "_components": [],
    "_prefab": null,
    "_id": "612c3dcf-209c-41bc-a081-6d760b8ec6ca",
    "_opacity": 255,
    "_color": {
      "__type__": "cc.Color",
      "r": 255,
      "g": 255,
      "b": 255,
      "a": 255
    },
    "_cascadeOpacityEnabled": true,
    "_anchorPoint": {
      "__type__": "cc.Vec2",
      "x": 0,
      "y": 0
    },
    "_contentSize": {
      "__type__": "cc.Size",
      "width": 0,
      "height": 0
    },
    "_localZOrder": 0,
    "_globalZOrder": 0,
    "_opacityModifyRGB": false,
    "groupIndex": 0,
    "autoReleaseAssets": false
  },
  {
    "__type__": "cc.Node",
    "_name": "Canvas",
    "_objFlags": 0,
    "_parent": {
      "__id__": 1
    },
    "_children": [
      {
        "__id__": 3
      },
      {
        "__id__": 47
      },
      {
        "__id__": 52
      },
      {
        "__id__": 42
      },
      {
        "__id__": 10
      }
    ],
    "_tag": -1,
    "_active": true,
    "_components": [
      {
        "__id__": 54
      }
    ],
    "_prefab": null,
    "_id": "5ad6c4jprFNRpbHnAC7JYT8",
    "_opacity": 255,
    "_color": {
      "__type__": "cc.Color",
      "r": 255,
      "g": 255,
      "b": 255,
      "a": 255
    },
    "_cascadeOpacityEnabled": true,
    "_anchorPoint": {
      "__type__": "cc.Vec2",
      "x": 0.5,
      "y": 0.5
    },
    "_contentSize": {
      "__type__": "cc.Size",
      "width": 960,
      "height": 640
    },
    "_rotationX": 0,
    "_rotationY": 0,
    "_scaleX": 1,
    "_scaleY": 1,
    "_position": {
      "__type__": "cc.Vec2",
      "x": 480,
      "y": 320
    },
    "_skewX": 0,
    "_skewY": 0,
    "_localZOrder": 0,
    "_globalZOrder": 0,
    "_opacityModifyRGB": false,
    "groupIndex": 0
  },
  {
    "__type__": "cc.Node",
    "_name": "firstBg",
    "_objFlags": 0,
    "_parent": {
      "__id__": 2
    },
    "_children": [
      {
        "__id__": 4
      },
      {
        "__id__": 6
      },
      {
        "__id__": 22
      },
      {
        "__id__": 24
      },
      {
        "__id__": 28
      },
      {
        "__id__": 32
      },
      {
        "__id__": 36
      }
    ],
    "_tag": -1,
    "_active": true,
    "_components": [
      {
        "__id__": 40
      },
      {
        "__id__": 41
      },
      {
        "__id__": 46
      }
    ],
    "_prefab": null,
    "_id": "02278UY6xxLQ45397kwxnHt",
    "_opacity": 255,
    "_color": {
      "__type__": "cc.Color",
      "r": 255,
      "g": 255,
      "b": 255,
      "a": 255
    },
    "_cascadeOpacityEnabled": true,
    "_anchorPoint": {
      "__type__": "cc.Vec2",
      "x": 0,
      "y": 0
    },
    "_contentSize": {
      "__type__": "cc.Size",
      "width": 2400,
      "height": 640
    },
    "_rotationX": 0,
    "_rotationY": 0,
    "_scaleX": 1,
    "_scaleY": 1,
    "_position": {
      "__type__": "cc.Vec2",
      "x": -480,
      "y": -320
    },
    "_skewX": 0,
    "_skewY": 0,
    "_localZOrder": 0,
    "_globalZOrder": 0,
    "_opacityModifyRGB": false,
    "groupIndex": 0
  },
  {
    "__type__": "cc.Node",
    "_name": "firstFg",
    "_objFlags": 0,
    "_parent": {
      "__id__": 3
    },
    "_children": [],
    "_tag": -1,
    "_active": true,
    "_components": [
      {
        "__id__": 5
      }
    ],
    "_prefab": null,
    "_id": "3361aUkaXlMaqW43ntVfdq4",
    "_opacity": 255,
    "_color": {
      "__type__": "cc.Color",
      "r": 255,
      "g": 255,
      "b": 255,
      "a": 255
    },
    "_cascadeOpacityEnabled": true,
    "_anchorPoint": {
      "__type__": "cc.Vec2",
      "x": 0,
      "y": 0
    },
    "_contentSize": {
      "__type__": "cc.Size",
      "width": 2400,
      "height": 640
    },
    "_rotationX": 0,
    "_rotationY": 0,
    "_scaleX": 1,
    "_scaleY": 1,
    "_position": {
      "__type__": "cc.Vec2",
      "x": 0,
      "y": 0
    },
    "_skewX": 0,
    "_skewY": 0,
    "_localZOrder": 0,
    "_globalZOrder": 0,
    "_opacityModifyRGB": false,
    "groupIndex": 0
  },
  {
    "__type__": "cc.Sprite",
    "_name": "",
    "_objFlags": 0,
    "node": {
      "__id__": 4
    },
    "_enabled": true,
    "_spriteFrame": {
      "__uuid__": "37d8db5a-cae4-4be5-9268-59c2773a3ea9"
    },
    "_type": 0,
    "_sizeMode": 0,
    "_fillType": 0,
    "_fillCenter": {
      "__type__": "cc.Vec2",
      "x": 0,
      "y": 0
    },
    "_fillStart": 0,
    "_fillRange": 0,
    "_isTrimmedMode": true,
    "_srcBlendFactor": 770,
    "_dstBlendFactor": 771,
    "_atlas": null
  },
  {
    "__type__": "cc.Node",
    "_name": "box",
    "_objFlags": 0,
    "_parent": {
      "__id__": 3
    },
    "_children": [],
    "_tag": -1,
    "_active": true,
    "_components": [
      {
        "__id__": 7
      },
      {
        "__id__": 8
      },
      {
        "__id__": 9
      }
    ],
    "_prefab": null,
    "_id": "26f7fumOJJOibvMGylZOgLw",
    "_opacity": 255,
    "_color": {
      "__type__": "cc.Color",
      "r": 255,
      "g": 255,
      "b": 255,
      "a": 255
    },
    "_cascadeOpacityEnabled": true,
    "_anchorPoint": {
      "__type__": "cc.Vec2",
      "x": 0.5,
      "y": 0.5
    },
    "_contentSize": {
      "__type__": "cc.Size",
      "width": 120,
      "height": 98
    },
    "_rotationX": 0,
    "_rotationY": 0,
    "_scaleX": 1,
    "_scaleY": 1,
    "_position": {
      "__type__": "cc.Vec2",
      "x": 2230,
      "y": 160
    },
    "_skewX": 0,
    "_skewY": 0,
    "_localZOrder": 0,
    "_globalZOrder": 0,
    "_opacityModifyRGB": false,
    "groupIndex": 0
  },
  {
    "__type__": "cc.Sprite",
    "_name": "",
    "_objFlags": 0,
    "node": {
      "__id__": 6
    },
    "_enabled": true,
    "_spriteFrame": {
      "__uuid__": "1ff50bf8-cddb-4ca8-bf4a-1ea516b64c31"
    },
    "_type": 0,
    "_sizeMode": 1,
    "_fillType": 0,
    "_fillCenter": {
      "__type__": "cc.Vec2",
      "x": 0,
      "y": 0
    },
    "_fillStart": 0,
    "_fillRange": 0,
    "_isTrimmedMode": true,
    "_srcBlendFactor": 770,
    "_dstBlendFactor": 771,
    "_atlas": null
  },
  {
    "__type__": "cc.PolygonCollider",
    "_name": "",
    "_objFlags": 0,
    "node": {
      "__id__": 6
    },
    "_enabled": true,
    "tag": 0,
    "_offset": {
      "__type__": "cc.Vec2",
      "x": 0,
      "y": 0
    },
    "points": [
      {
        "__type__": "cc.Vec2",
        "x": 28,
        "y": 49
      },
      {
        "__type__": "cc.Vec2",
        "x": 32,
        "y": 47
      },
      {
        "__type__": "cc.Vec2",
        "x": 42,
        "y": 37
      },
      {
        "__type__": "cc.Vec2",
        "x": 48,
        "y": 21
      },
      {
        "__type__": "cc.Vec2",
        "x": 48,
        "y": 11
      },
      {
        "__type__": "cc.Vec2",
        "x": 50,
        "y": 12
      },
      {
        "__type__": "cc.Vec2",
        "x": 50,
        "y": 19
      },
      {
        "__type__": "cc.Vec2",
        "x": 53,
        "y": 17
      },
      {
        "__type__": "cc.Vec2",
        "x": 57,
        "y": 19
      },
      {
        "__type__": "cc.Vec2",
        "x": 57,
        "y": 17
      },
      {
        "__type__": "cc.Vec2",
        "x": 55,
        "y": 16
      },
      {
        "__type__": "cc.Vec2",
        "x": 58,
        "y": 16
      },
      {
        "__type__": "cc.Vec2",
        "x": 60,
        "y": 14
      },
      {
        "__type__": "cc.Vec2",
        "x": 60,
        "y": -34
      },
      {
        "__type__": "cc.Vec2",
        "x": 57,
        "y": -34
      },
      {
        "__type__": "cc.Vec2",
        "x": 57,
        "y": -39
      },
      {
        "__type__": "cc.Vec2",
        "x": 50,
        "y": -39
      },
      {
        "__type__": "cc.Vec2",
        "x": 50,
        "y": -41
      },
      {
        "__type__": "cc.Vec2",
        "x": 46,
        "y": -41
      },
      {
        "__type__": "cc.Vec2",
        "x": 45,
        "y": -43
      },
      {
        "__type__": "cc.Vec2",
        "x": 42,
        "y": -42
      },
      {
        "__type__": "cc.Vec2",
        "x": 38,
        "y": -45
      },
      {
        "__type__": "cc.Vec2",
        "x": 36,
        "y": -44
      },
      {
        "__type__": "cc.Vec2",
        "x": 34,
        "y": -46
      },
      {
        "__type__": "cc.Vec2",
        "x": 26,
        "y": -48
      },
      {
        "__type__": "cc.Vec2",
        "x": 20,
        "y": -47
      },
      {
        "__type__": "cc.Vec2",
        "x": 19,
        "y": -49
      },
      {
        "__type__": "cc.Vec2",
        "x": 16,
        "y": -47
      },
      {
        "__type__": "cc.Vec2",
        "x": 12,
        "y": -49
      },
      {
        "__type__": "cc.Vec2",
        "x": 11,
        "y": -47
      },
      {
        "__type__": "cc.Vec2",
        "x": 6,
        "y": -47
      },
      {
        "__type__": "cc.Vec2",
        "x": 4,
        "y": -49
      },
      {
        "__type__": "cc.Vec2",
        "x": -1,
        "y": -49
      },
      {
        "__type__": "cc.Vec2",
        "x": -1,
        "y": -47
      },
      {
        "__type__": "cc.Vec2",
        "x": -2,
        "y": -49
      },
      {
        "__type__": "cc.Vec2",
        "x": -4,
        "y": -49
      },
      {
        "__type__": "cc.Vec2",
        "x": -6,
        "y": -47
      },
      {
        "__type__": "cc.Vec2",
        "x": -5,
        "y": -49
      },
      {
        "__type__": "cc.Vec2",
        "x": -9,
        "y": -49
      },
      {
        "__type__": "cc.Vec2",
        "x": -11,
        "y": -47
      },
      {
        "__type__": "cc.Vec2",
        "x": -10,
        "y": -49
      },
      {
        "__type__": "cc.Vec2",
        "x": -12,
        "y": -49
      },
      {
        "__type__": "cc.Vec2",
        "x": -14,
        "y": -47
      },
      {
        "__type__": "cc.Vec2",
        "x": -15,
        "y": -49
      },
      {
        "__type__": "cc.Vec2",
        "x": -27,
        "y": -49
      },
      {
        "__type__": "cc.Vec2",
        "x": -27,
        "y": -46
      },
      {
        "__type__": "cc.Vec2",
        "x": -29,
        "y": -49
      },
      {
        "__type__": "cc.Vec2",
        "x": -31,
        "y": -47
      },
      {
        "__type__": "cc.Vec2",
        "x": -36,
        "y": -48
      },
      {
        "__type__": "cc.Vec2",
        "x": -39,
        "y": -46
      },
      {
        "__type__": "cc.Vec2",
        "x": -42,
        "y": -46
      },
      {
        "__type__": "cc.Vec2",
        "x": -43,
        "y": -48
      },
      {
        "__type__": "cc.Vec2",
        "x": -43,
        "y": -46
      },
      {
        "__type__": "cc.Vec2",
        "x": -46,
        "y": -47
      },
      {
        "__type__": "cc.Vec2",
        "x": -47,
        "y": -45
      },
      {
        "__type__": "cc.Vec2",
        "x": -52,
        "y": -45
      },
      {
        "__type__": "cc.Vec2",
        "x": -53,
        "y": -42
      },
      {
        "__type__": "cc.Vec2",
        "x": -58,
        "y": -43
      },
      {
        "__type__": "cc.Vec2",
        "x": -57,
        "y": -41
      },
      {
        "__type__": "cc.Vec2",
        "x": -60,
        "y": -42
      },
      {
        "__type__": "cc.Vec2",
        "x": -60,
        "y": 5
      },
      {
        "__type__": "cc.Vec2",
        "x": -58,
        "y": 5
      },
      {
        "__type__": "cc.Vec2",
        "x": -58,
        "y": 8
      },
      {
        "__type__": "cc.Vec2",
        "x": -55,
        "y": 8
      },
      {
        "__type__": "cc.Vec2",
        "x": -47,
        "y": 14
      },
      {
        "__type__": "cc.Vec2",
        "x": -45,
        "y": 7
      },
      {
        "__type__": "cc.Vec2",
        "x": -44,
        "y": -8
      },
      {
        "__type__": "cc.Vec2",
        "x": -44,
        "y": 17
      },
      {
        "__type__": "cc.Vec2",
        "x": -41,
        "y": 26
      },
      {
        "__type__": "cc.Vec2",
        "x": -34,
        "y": 29
      },
      {
        "__type__": "cc.Vec2",
        "x": -26,
        "y": 30
      },
      {
        "__type__": "cc.Vec2",
        "x": -11,
        "y": 37
      },
      {
        "__type__": "cc.Vec2",
        "x": 6,
        "y": 42
      },
      {
        "__type__": "cc.Vec2",
        "x": 20,
        "y": 49
      }
    ]
  },
  {
    "__type__": "b2cccxLrdBCjZJ19byMzjSM",
    "_name": "",
    "_objFlags": 0,
    "node": {
      "__id__": 6
    },
    "_enabled": true,
    "view": {
      "__id__": 10
    },
    "label": {
      "__id__": 13
    }
  },
  {
    "__type__": "cc.Node",
    "_name": "resultView",
    "_objFlags": 0,
    "_parent": {
      "__id__": 2
    },
    "_children": [
      {
        "__id__": 11
      }
    ],
    "_tag": -1,
    "_active": false,
    "_components": [],
    "_prefab": null,
    "_id": "9ccb0KfZD5EXorv/T13x+mF",
    "_opacity": 255,
    "_color": {
      "__type__": "cc.Color",
      "r": 255,
      "g": 255,
      "b": 255,
      "a": 255
    },
    "_cascadeOpacityEnabled": true,
    "_anchorPoint": {
      "__type__": "cc.Vec2",
      "x": 0.5,
      "y": 0.5
    },
    "_contentSize": {
      "__type__": "cc.Size",
      "width": 960,
      "height": 640
    },
    "_rotationX": 0,
    "_rotationY": 0,
    "_scaleX": 1,
    "_scaleY": 1,
    "_position": {
      "__type__": "cc.Vec2",
      "x": 0,
      "y": 0
    },
    "_skewX": 0,
    "_skewY": 0,
    "_localZOrder": 0,
    "_globalZOrder": 0,
    "_opacityModifyRGB": false,
    "groupIndex": 0
  },
  {
    "__type__": "cc.Node",
    "_name": "resultBg",
    "_objFlags": 0,
    "_parent": {
      "__id__": 10
    },
    "_children": [
      {
        "__id__": 12
      },
      {
        "__id__": 14
      }
    ],
    "_tag": -1,
    "_active": true,
    "_components": [
      {
        "__id__": 21
      }
    ],
    "_prefab": null,
    "_id": "eb75aNeMlhKP771AECEKjY+",
    "_opacity": 255,
    "_color": {
      "__type__": "cc.Color",
      "r": 255,
      "g": 255,
      "b": 255,
      "a": 255
    },
    "_cascadeOpacityEnabled": true,
    "_anchorPoint": {
      "__type__": "cc.Vec2",
      "x": 0.5,
      "y": 0.5
    },
    "_contentSize": {
      "__type__": "cc.Size",
      "width": 500,
      "height": 400
    },
    "_rotationX": 0,
    "_rotationY": 0,
    "_scaleX": 1,
    "_scaleY": 1,
    "_position": {
      "__type__": "cc.Vec2",
      "x": 0,
      "y": 0
    },
    "_skewX": 0,
    "_skewY": 0,
    "_localZOrder": 0,
    "_globalZOrder": 0,
    "_opacityModifyRGB": false,
    "groupIndex": 0
  },
  {
    "__type__": "cc.Node",
    "_name": "txtResult",
    "_objFlags": 0,
    "_parent": {
      "__id__": 11
    },
    "_children": [],
    "_tag": -1,
    "_active": true,
    "_components": [
      {
        "__id__": 13
      }
    ],
    "_prefab": null,
    "_id": "fc9a4BQFt5G04Zyrl3Ln+kB",
    "_opacity": 255,
    "_color": {
      "__type__": "cc.Color",
      "r": 255,
      "g": 0,
      "b": 0,
      "a": 255
    },
    "_cascadeOpacityEnabled": true,
    "_anchorPoint": {
      "__type__": "cc.Vec2",
      "x": 0.5,
      "y": 0.5
    },
    "_contentSize": {
      "__type__": "cc.Size",
      "width": 120,
      "height": 40
    },
    "_rotationX": 0,
    "_rotationY": 0,
    "_scaleX": 1,
    "_scaleY": 1,
    "_position": {
      "__type__": "cc.Vec2",
      "x": 0,
      "y": 135
    },
    "_skewX": 0,
    "_skewY": 0,
    "_localZOrder": 0,
    "_globalZOrder": 0,
    "_opacityModifyRGB": false,
    "groupIndex": 0
  },
  {
    "__type__": "cc.Label",
    "_name": "",
    "_objFlags": 0,
    "node": {
      "__id__": 12
    },
    "_enabled": true,
    "_useOriginalSize": false,
    "_actualFontSize": 40,
    "_fontSize": 40,
    "_lineHeight": 40,
    "_enableWrapText": true,
    "_N$file": null,
    "_isSystemFontUsed": true,
    "_spacingX": 0,
    "_N$string": "",
    "_N$horizontalAlign": 1,
    "_N$verticalAlign": 1,
    "_N$fontFamily": "Arial",
    "_N$overflow": 0
  },
  {
    "__type__": "cc.Node",
    "_name": "btnReset",
    "_objFlags": 0,
    "_parent": {
      "__id__": 11
    },
    "_children": [
      {
        "__id__": 15
      }
    ],
    "_tag": -1,
    "_active": true,
    "_components": [
      {
        "__id__": 17
      },
      {
        "__id__": 18
      },
      {
        "__id__": 20
      }
    ],
    "_prefab": null,
    "_id": "4b202XWPgtDj6hJq493Gkhm",
    "_opacity": 255,
    "_color": {
      "__type__": "cc.Color",
      "r": 255,
      "g": 255,
      "b": 255,
      "a": 255
    },
    "_cascadeOpacityEnabled": true,
    "_anchorPoint": {
      "__type__": "cc.Vec2",
      "x": 0.5,
      "y": 0.5
    },
    "_contentSize": {
      "__type__": "cc.Size",
      "width": 128,
      "height": 58
    },
    "_rotationX": 0,
    "_rotationY": 0,
    "_scaleX": 1,
    "_scaleY": 1,
    "_position": {
      "__type__": "cc.Vec2",
      "x": 0,
      "y": 0
    },
    "_skewX": 0,
    "_skewY": 0,
    "_localZOrder": 0,
    "_globalZOrder": 0,
    "_opacityModifyRGB": false,
    "groupIndex": 0
  },
  {
    "__type__": "cc.Node",
    "_name": "txtReset",
    "_objFlags": 0,
    "_parent": {
      "__id__": 14
    },
    "_children": [],
    "_tag": -1,
    "_active": true,
    "_components": [
      {
        "__id__": 16
      }
    ],
    "_prefab": null,
    "_id": "55d8a0QRvxMhK243IIFaAMF",
    "_opacity": 255,
    "_color": {
      "__type__": "cc.Color",
      "r": 0,
      "g": 0,
      "b": 0,
      "a": 255
    },
    "_cascadeOpacityEnabled": true,
    "_anchorPoint": {
      "__type__": "cc.Vec2",
      "x": 0.5,
      "y": 0.5
    },
    "_contentSize": {
      "__type__": "cc.Size",
      "width": 100,
      "height": 40
    },
    "_rotationX": 0,
    "_rotationY": 0,
    "_scaleX": 1,
    "_scaleY": 1,
    "_position": {
      "__type__": "cc.Vec2",
      "x": 0,
      "y": 0
    },
    "_skewX": 0,
    "_skewY": 0,
    "_localZOrder": 0,
    "_globalZOrder": 0,
    "_opacityModifyRGB": false,
    "groupIndex": 0
  },
  {
    "__type__": "cc.Label",
    "_name": "",
    "_objFlags": 0,
    "node": {
      "__id__": 15
    },
    "_enabled": true,
    "_useOriginalSize": false,
    "_actualFontSize": 20,
    "_fontSize": 20,
    "_lineHeight": 40,
    "_enableWrapText": false,
    "_N$file": null,
    "_isSystemFontUsed": true,
    "_spacingX": 0,
    "_N$string": "再玩一次",
    "_N$horizontalAlign": 1,
    "_N$verticalAlign": 1,
    "_N$fontFamily": "Arial",
    "_N$overflow": 1
  },
  {
    "__type__": "cc.Sprite",
    "_name": "",
    "_objFlags": 0,
    "node": {
      "__id__": 14
    },
    "_enabled": true,
    "_spriteFrame": {
      "__uuid__": "8a78d35c-a981-4792-b41b-1778dd22a913"
    },
    "_type": 1,
    "_sizeMode": 0,
    "_fillType": 0,
    "_fillCenter": {
      "__type__": "cc.Vec2",
      "x": 0,
      "y": 0
    },
    "_fillStart": 0,
    "_fillRange": 0,
    "_isTrimmedMode": true,
    "_srcBlendFactor": 770,
    "_dstBlendFactor": 771,
    "_atlas": null
  },
  {
    "__type__": "cc.Button",
    "_name": "",
    "_objFlags": 0,
    "node": {
      "__id__": 14
    },
    "_enabled": true,
    "transition": 3,
    "pressedColor": {
      "__type__": "cc.Color",
      "r": 255,
      "g": 255,
      "b": 255,
      "a": 255
    },
    "hoverColor": {
      "__type__": "cc.Color",
      "r": 255,
      "g": 255,
      "b": 255,
      "a": 255
    },
    "duration": 0.1,
    "zoomScale": 1.2,
    "clickEvents": [
      {
        "__id__": 19
      }
    ],
    "_N$interactable": true,
    "_N$enableAutoGrayEffect": false,
    "_N$normalColor": {
      "__type__": "cc.Color",
      "r": 255,
      "g": 255,
      "b": 255,
      "a": 255
    },
    "_N$disabledColor": {
      "__type__": "cc.Color",
      "r": 255,
      "g": 255,
      "b": 255,
      "a": 255
    },
    "_N$normalSprite": {
      "__uuid__": "8a78d35c-a981-4792-b41b-1778dd22a913"
    },
    "_N$pressedSprite": null,
    "pressedSprite": null,
    "_N$hoverSprite": {
      "__uuid__": "e9ec654c-97a2-4787-9325-e6a10375219a"
    },
    "hoverSprite": {
      "__uuid__": "e9ec654c-97a2-4787-9325-e6a10375219a"
    },
    "_N$disabledSprite": {
      "__uuid__": "29158224-f8dd-4661-a796-1ffab537140e"
    },
    "_N$target": {
      "__id__": 14
    }
  },
  {
    "__type__": "cc.ClickEvent",
    "target": {
      "__id__": 14
    },
    "component": "reset",
    "handler": "reset",
    "customEventData": ""
  },
  {
    "__type__": "a668bPn8TJM7qttK45YDX2+",
    "_name": "",
    "_objFlags": 0,
    "node": {
      "__id__": 14
    },
    "_enabled": true
  },
  {
    "__type__": "cc.Sprite",
    "_name": "",
    "_objFlags": 0,
    "node": {
      "__id__": 11
    },
    "_enabled": true,
    "_spriteFrame": {
      "__uuid__": "f7567e01-cc99-457c-9ef4-c0a6a152ed3f"
    },
    "_type": 1,
    "_sizeMode": 0,
    "_fillType": 0,
    "_fillCenter": {
      "__type__": "cc.Vec2",
      "x": 0,
      "y": 0
    },
    "_fillStart": 0,
    "_fillRange": 0,
    "_isTrimmedMode": true,
    "_srcBlendFactor": 770,
    "_dstBlendFactor": 771,
    "_atlas": null
  },
  {
    "__type__": "cc.Node",
    "_name": "particle",
    "_objFlags": 0,
    "_parent": {
      "__id__": 3
    },
    "_children": [],
    "_tag": -1,
    "_active": true,
    "_components": [
      {
        "__id__": 23
      }
    ],
    "_prefab": null,
    "_id": "daab8cy6WlHZb2dvagEzQ81",
    "_opacity": 255,
    "_color": {
      "__type__": "cc.Color",
      "r": 255,
      "g": 255,
      "b": 255,
      "a": 255
    },
    "_cascadeOpacityEnabled": true,
    "_anchorPoint": {
      "__type__": "cc.Vec2",
      "x": 0.5,
      "y": 0.5
    },
    "_contentSize": {
      "__type__": "cc.Size",
      "width": 0,
      "height": 0
    },
    "_rotationX": 0,
    "_rotationY": 0,
    "_scaleX": 1,
    "_scaleY": 1,
    "_position": {
      "__type__": "cc.Vec2",
      "x": 2235,
      "y": 170
    },
    "_skewX": 0,
    "_skewY": 0,
    "_localZOrder": 0,
    "_globalZOrder": 0,
    "_opacityModifyRGB": false,
    "groupIndex": 0
  },
  {
    "__type__": "cc.ParticleSystem",
    "_name": "",
    "_objFlags": 0,
    "node": {
      "__id__": 22
    },
    "_enabled": true,
    "_custom": false,
    "_file": {
      "__uuid__": "b2687ac4-099e-403c-a192-ff477686f4f5"
    },
    "_texture": {
      "__uuid__": "b2687ac4-099e-403c-a192-ff477686f4f5"
    },
    "_srcBlendFactor": 770,
    "_dstBlendFactor": 771,
    "playOnLoad": true,
    "_autoRemoveOnFinish": false,
    "_totalParticles": 150,
    "_duration": -1,
    "_emissionRate": 10,
    "_life": 1,
    "_lifeVar": 0,
    "_startColor": {
      "__type__": "cc.Color",
      "r": 255,
      "g": 255,
      "b": 255,
      "a": 255
    },
    "_startColorVar": {
      "__type__": "cc.Color",
      "r": 0,
      "g": 0,
      "b": 0,
      "a": 255
    },
    "_endColor": {
      "__type__": "cc.Color",
      "r": 255,
      "g": 255,
      "b": 255,
      "a": 0
    },
    "_endColorVar": {
      "__type__": "cc.Color",
      "r": 0,
      "g": 0,
      "b": 0,
      "a": 0
    },
    "_angle": 90,
    "_angleVar": 20,
    "_startSize": 50,
    "_startSizeVar": 0,
    "_endSize": 0,
    "_endSizeVar": 0,
    "_startSpin": 0,
    "_startSpinVar": 0,
    "_endSpin": 0,
    "_endSpinVar": 0,
    "_sourcePos": {
      "__type__": "cc.Vec2",
      "x": 0,
      "y": 0
    },
    "_posVar": {
      "__type__": "cc.Vec2",
      "x": 0,
      "y": 0
    },
    "_positionType": 0,
    "_emitterMode": 0,
    "_gravity": {
      "__type__": "cc.Vec2",
      "x": 0,
      "y": 0
    },
    "_speed": 180,
    "_speedVar": 50,
    "_tangentialAccel": 80,
    "_tangentialAccelVar": 0,
    "_radialAccel": 0,
    "_radialAccelVar": 0,
    "_rotationIsDir": false,
    "_startRadius": 0,
    "_startRadiusVar": 0,
    "_endRadius": 0,
    "_endRadiusVar": 0,
    "_rotatePerS": 0,
    "_rotatePerSVar": 0,
    "_N$preview": true
  },
  {
    "__type__": "cc.Node",
    "_name": "monster1",
    "_objFlags": 0,
    "_parent": {
      "__id__": 3
    },
    "_children": [],
    "_tag": -1,
    "_active": true,
    "_components": [
      {
        "__id__": 25
      },
      {
        "__id__": 26
      },
      {
        "__id__": 27
      }
    ],
    "_prefab": null,
    "_id": "d3ac7AqYAtHoJRr1F+getia",
    "_opacity": 255,
    "_color": {
      "__type__": "cc.Color",
      "r": 255,
      "g": 255,
      "b": 255,
      "a": 255
    },
    "_cascadeOpacityEnabled": true,
    "_anchorPoint": {
      "__type__": "cc.Vec2",
      "x": 0.5,
      "y": 0.5
    },
    "_contentSize": {
      "__type__": "cc.Size",
      "width": 62,
      "height": 92
    },
    "_rotationX": 0,
    "_rotationY": 0,
    "_scaleX": 1,
    "_scaleY": 1,
    "_position": {
      "__type__": "cc.Vec2",
      "x": 500,
      "y": 180
    },
    "_skewX": 0,
    "_skewY": 0,
    "_localZOrder": 0,
    "_globalZOrder": 0,
    "_opacityModifyRGB": false,
    "groupIndex": 0
  },
  {
    "__type__": "cc.Sprite",
    "_name": "",
    "_objFlags": 0,
    "node": {
      "__id__": 24
    },
    "_enabled": true,
    "_spriteFrame": {
      "__uuid__": "7418f87c-40dd-4e2e-a2f1-c378391400b0"
    },
    "_type": 0,
    "_sizeMode": 1,
    "_fillType": 0,
    "_fillCenter": {
      "__type__": "cc.Vec2",
      "x": 0,
      "y": 0
    },
    "_fillStart": 0,
    "_fillRange": 0,
    "_isTrimmedMode": true,
    "_srcBlendFactor": 770,
    "_dstBlendFactor": 771,
    "_atlas": null
  },
  {
    "__type__": "b2cccxLrdBCjZJ19byMzjSM",
    "_name": "",
    "_objFlags": 0,
    "node": {
      "__id__": 24
    },
    "_enabled": true,
    "view": {
      "__id__": 10
    },
    "label": {
      "__id__": 13
    }
  },
  {
    "__type__": "cc.PolygonCollider",
    "_name": "",
    "_objFlags": 0,
    "node": {
      "__id__": 24
    },
    "_enabled": true,
    "tag": 1,
    "_offset": {
      "__type__": "cc.Vec2",
      "x": 0,
      "y": 0
    },
    "points": [
      {
        "__type__": "cc.Vec2",
        "x": -50,
        "y": -50
      },
      {
        "__type__": "cc.Vec2",
        "x": 50,
        "y": -50
      },
      {
        "__type__": "cc.Vec2",
        "x": 50,
        "y": 50
      },
      {
        "__type__": "cc.Vec2",
        "x": -50,
        "y": 50
      },
      {
        "__type__": "cc.Vec2",
        "x": 0,
        "y": 0
      },
      {
        "__type__": "cc.Vec2",
        "x": 0,
        "y": 0
      },
      {
        "__type__": "cc.Vec2",
        "x": 0,
        "y": 0
      },
      {
        "__type__": "cc.Vec2",
        "x": 0,
        "y": 0
      },
      {
        "__type__": "cc.Vec2",
        "x": 0,
        "y": 0
      },
      {
        "__type__": "cc.Vec2",
        "x": 0,
        "y": 0
      },
      {
        "__type__": "cc.Vec2",
        "x": 0,
        "y": 0
      },
      {
        "__type__": "cc.Vec2",
        "x": 0,
        "y": 0
      },
      {
        "__type__": "cc.Vec2",
        "x": 0,
        "y": 0
      },
      {
        "__type__": "cc.Vec2",
        "x": 0,
        "y": 0
      },
      {
        "__type__": "cc.Vec2",
        "x": 0,
        "y": 0
      },
      {
        "__type__": "cc.Vec2",
        "x": 0,
        "y": 0
      },
      {
        "__type__": "cc.Vec2",
        "x": 0,
        "y": 0
      },
      {
        "__type__": "cc.Vec2",
        "x": 0,
        "y": 0
      },
      {
        "__type__": "cc.Vec2",
        "x": 0,
        "y": 0
      },
      {
        "__type__": "cc.Vec2",
        "x": 0,
        "y": 0
      },
      {
        "__type__": "cc.Vec2",
        "x": 0,
        "y": 0
      },
      {
        "__type__": "cc.Vec2",
        "x": 0,
        "y": 0
      },
      {
        "__type__": "cc.Vec2",
        "x": 0,
        "y": 0
      },
      {
        "__type__": "cc.Vec2",
        "x": 0,
        "y": 0
      },
      {
        "__type__": "cc.Vec2",
        "x": 0,
        "y": 0
      },
      {
        "__type__": "cc.Vec2",
        "x": 0,
        "y": 0
      },
      {
        "__type__": "cc.Vec2",
        "x": 0,
        "y": 0
      },
      {
        "__type__": "cc.Vec2",
        "x": 0,
        "y": 0
      },
      {
        "__type__": "cc.Vec2",
        "x": 0,
        "y": 0
      },
      {
        "__type__": "cc.Vec2",
        "x": 0,
        "y": 0
      }
    ]
  },
  {
    "__type__": "cc.Node",
    "_name": "monster2",
    "_objFlags": 0,
    "_parent": {
      "__id__": 3
    },
    "_children": [],
    "_tag": -1,
    "_active": true,
    "_components": [
      {
        "__id__": 29
      },
      {
        "__id__": 30
      },
      {
        "__id__": 31
      }
    ],
    "_prefab": null,
    "_id": "0da53o0W4VJEpiOeQKzvHQU",
    "_opacity": 255,
    "_color": {
      "__type__": "cc.Color",
      "r": 255,
      "g": 255,
      "b": 255,
      "a": 255
    },
    "_cascadeOpacityEnabled": true,
    "_anchorPoint": {
      "__type__": "cc.Vec2",
      "x": 0.5,
      "y": 0.5
    },
    "_contentSize": {
      "__type__": "cc.Size",
      "width": 107,
      "height": 90
    },
    "_rotationX": 0,
    "_rotationY": 0,
    "_scaleX": 1,
    "_scaleY": 1,
    "_position": {
      "__type__": "cc.Vec2",
      "x": 1000,
      "y": 130
    },
    "_skewX": 0,
    "_skewY": 0,
    "_localZOrder": 0,
    "_globalZOrder": 0,
    "_opacityModifyRGB": false,
    "groupIndex": 0
  },
  {
    "__type__": "cc.Sprite",
    "_name": "",
    "_objFlags": 0,
    "node": {
      "__id__": 28
    },
    "_enabled": true,
    "_spriteFrame": {
      "__uuid__": "b70e2c35-6cf9-4170-b87f-d2674cdf95d3"
    },
    "_type": 0,
    "_sizeMode": 1,
    "_fillType": 0,
    "_fillCenter": {
      "__type__": "cc.Vec2",
      "x": 0,
      "y": 0
    },
    "_fillStart": 0,
    "_fillRange": 0,
    "_isTrimmedMode": true,
    "_srcBlendFactor": 770,
    "_dstBlendFactor": 771,
    "_atlas": null
  },
  {
    "__type__": "cc.PolygonCollider",
    "_name": "",
    "_objFlags": 0,
    "node": {
      "__id__": 28
    },
    "_enabled": true,
    "tag": 2,
    "_offset": {
      "__type__": "cc.Vec2",
      "x": 0,
      "y": 0
    },
    "points": [
      {
        "__type__": "cc.Vec2",
        "x": -13.5,
        "y": 45
      },
      {
        "__type__": "cc.Vec2",
        "x": -17.5,
        "y": 42
      },
      {
        "__type__": "cc.Vec2",
        "x": -19.5,
        "y": 36
      },
      {
        "__type__": "cc.Vec2",
        "x": -27.5,
        "y": 34
      },
      {
        "__type__": "cc.Vec2",
        "x": -31.5,
        "y": 31
      },
      {
        "__type__": "cc.Vec2",
        "x": -33.5,
        "y": 23
      },
      {
        "__type__": "cc.Vec2",
        "x": -38.5,
        "y": 24
      },
      {
        "__type__": "cc.Vec2",
        "x": -38.5,
        "y": 15
      },
      {
        "__type__": "cc.Vec2",
        "x": -45.5,
        "y": 12
      },
      {
        "__type__": "cc.Vec2",
        "x": -53.5,
        "y": 2
      },
      {
        "__type__": "cc.Vec2",
        "x": -52.5,
        "y": -18
      },
      {
        "__type__": "cc.Vec2",
        "x": -50.5,
        "y": -22
      },
      {
        "__type__": "cc.Vec2",
        "x": -46.5,
        "y": -25
      },
      {
        "__type__": "cc.Vec2",
        "x": -46.5,
        "y": -27
      },
      {
        "__type__": "cc.Vec2",
        "x": -38.5,
        "y": -35
      },
      {
        "__type__": "cc.Vec2",
        "x": -34.5,
        "y": -37
      },
      {
        "__type__": "cc.Vec2",
        "x": -20.5,
        "y": -37
      },
      {
        "__type__": "cc.Vec2",
        "x": -18.5,
        "y": -45
      },
      {
        "__type__": "cc.Vec2",
        "x": -11.5,
        "y": -45
      },
      {
        "__type__": "cc.Vec2",
        "x": -6.5,
        "y": -41
      },
      {
        "__type__": "cc.Vec2",
        "x": -3.5,
        "y": -34
      },
      {
        "__type__": "cc.Vec2",
        "x": -1.5,
        "y": -40
      },
      {
        "__type__": "cc.Vec2",
        "x": 1.5,
        "y": -43
      },
      {
        "__type__": "cc.Vec2",
        "x": 8.5,
        "y": -44
      },
      {
        "__type__": "cc.Vec2",
        "x": 10.5,
        "y": -43
      },
      {
        "__type__": "cc.Vec2",
        "x": 11.5,
        "y": -39
      },
      {
        "__type__": "cc.Vec2",
        "x": 25.5,
        "y": -38
      },
      {
        "__type__": "cc.Vec2",
        "x": 43.5,
        "y": -29
      },
      {
        "__type__": "cc.Vec2",
        "x": 49.5,
        "y": -24
      },
      {
        "__type__": "cc.Vec2",
        "x": 53.5,
        "y": -16
      },
      {
        "__type__": "cc.Vec2",
        "x": 53.5,
        "y": -6
      },
      {
        "__type__": "cc.Vec2",
        "x": 49.5,
        "y": 5
      },
      {
        "__type__": "cc.Vec2",
        "x": 41.5,
        "y": 14
      },
      {
        "__type__": "cc.Vec2",
        "x": 31.5,
        "y": 16
      },
      {
        "__type__": "cc.Vec2",
        "x": 30.5,
        "y": 20
      },
      {
        "__type__": "cc.Vec2",
        "x": 28.5,
        "y": 21
      },
      {
        "__type__": "cc.Vec2",
        "x": 27.5,
        "y": 31
      },
      {
        "__type__": "cc.Vec2",
        "x": 11.5,
        "y": 36
      },
      {
        "__type__": "cc.Vec2",
        "x": 10.5,
        "y": 41
      },
      {
        "__type__": "cc.Vec2",
        "x": 6.5,
        "y": 44
      },
      {
        "__type__": "cc.Vec2",
        "x": -3.5,
        "y": 45
      },
      {
        "__type__": "cc.Vec2",
        "x": -4.5,
        "y": 43
      },
      {
        "__type__": "cc.Vec2",
        "x": -8.5,
        "y": 45
      }
    ]
  },
  {
    "__type__": "b2cccxLrdBCjZJ19byMzjSM",
    "_name": "",
    "_objFlags": 0,
    "node": {
      "__id__": 28
    },
    "_enabled": true,
    "view": {
      "__id__": 10
    },
    "label": {
      "__id__": 13
    }
  },
  {
    "__type__": "cc.Node",
    "_name": "monster3",
    "_objFlags": 0,
    "_parent": {
      "__id__": 3
    },
    "_children": [],
    "_tag": -1,
    "_active": true,
    "_components": [
      {
        "__id__": 33
      },
      {
        "__id__": 34
      },
      {
        "__id__": 35
      }
    ],
    "_prefab": null,
    "_id": "01be59ol7NE94/T0xdjKaTN",
    "_opacity": 255,
    "_color": {
      "__type__": "cc.Color",
      "r": 255,
      "g": 255,
      "b": 255,
      "a": 255
    },
    "_cascadeOpacityEnabled": true,
    "_anchorPoint": {
      "__type__": "cc.Vec2",
      "x": 0.5,
      "y": 0.5
    },
    "_contentSize": {
      "__type__": "cc.Size",
      "width": 68,
      "height": 63
    },
    "_rotationX": 0,
    "_rotationY": 0,
    "_scaleX": 1,
    "_scaleY": 1,
    "_position": {
      "__type__": "cc.Vec2",
      "x": 1400,
      "y": 185
    },
    "_skewX": 0,
    "_skewY": 0,
    "_localZOrder": 0,
    "_globalZOrder": 0,
    "_opacityModifyRGB": false,
    "groupIndex": 0
  },
  {
    "__type__": "cc.Sprite",
    "_name": "",
    "_objFlags": 0,
    "node": {
      "__id__": 32
    },
    "_enabled": true,
    "_spriteFrame": {
      "__uuid__": "108c497a-ef48-4df6-b1eb-17387c77f445"
    },
    "_type": 0,
    "_sizeMode": 1,
    "_fillType": 0,
    "_fillCenter": {
      "__type__": "cc.Vec2",
      "x": 0,
      "y": 0
    },
    "_fillStart": 0,
    "_fillRange": 0,
    "_isTrimmedMode": true,
    "_srcBlendFactor": 770,
    "_dstBlendFactor": 771,
    "_atlas": null
  },
  {
    "__type__": "cc.PolygonCollider",
    "_name": "",
    "_objFlags": 0,
    "node": {
      "__id__": 32
    },
    "_enabled": true,
    "tag": 3,
    "_offset": {
      "__type__": "cc.Vec2",
      "x": 0,
      "y": 0
    },
    "points": [
      {
        "__type__": "cc.Vec2",
        "x": 16,
        "y": 30.5
      },
      {
        "__type__": "cc.Vec2",
        "x": 25,
        "y": 25.5
      },
      {
        "__type__": "cc.Vec2",
        "x": 34,
        "y": 3.5
      },
      {
        "__type__": "cc.Vec2",
        "x": 34,
        "y": -9.5
      },
      {
        "__type__": "cc.Vec2",
        "x": 29,
        "y": -22.5
      },
      {
        "__type__": "cc.Vec2",
        "x": 15,
        "y": -30.5
      },
      {
        "__type__": "cc.Vec2",
        "x": -7,
        "y": -31.5
      },
      {
        "__type__": "cc.Vec2",
        "x": -16,
        "y": -29.5
      },
      {
        "__type__": "cc.Vec2",
        "x": -25,
        "y": -23.5
      },
      {
        "__type__": "cc.Vec2",
        "x": -25,
        "y": -21.5
      },
      {
        "__type__": "cc.Vec2",
        "x": -30,
        "y": -17.5
      },
      {
        "__type__": "cc.Vec2",
        "x": -33,
        "y": -7.5
      },
      {
        "__type__": "cc.Vec2",
        "x": -34,
        "y": 21.5
      },
      {
        "__type__": "cc.Vec2",
        "x": -32,
        "y": 25.5
      },
      {
        "__type__": "cc.Vec2",
        "x": -26,
        "y": 30.5
      },
      {
        "__type__": "cc.Vec2",
        "x": -9,
        "y": 29.5
      },
      {
        "__type__": "cc.Vec2",
        "x": 2,
        "y": 31.5
      }
    ]
  },
  {
    "__type__": "b2cccxLrdBCjZJ19byMzjSM",
    "_name": "",
    "_objFlags": 0,
    "node": {
      "__id__": 32
    },
    "_enabled": true,
    "view": {
      "__id__": 10
    },
    "label": {
      "__id__": 13
    }
  },
  {
    "__type__": "cc.Node",
    "_name": "boss",
    "_objFlags": 0,
    "_parent": {
      "__id__": 3
    },
    "_children": [],
    "_tag": -1,
    "_active": true,
    "_components": [
      {
        "__id__": 37
      },
      {
        "__id__": 38
      },
      {
        "__id__": 39
      }
    ],
    "_prefab": null,
    "_id": "1bce1Ve9ahDn49nXMihXtcf",
    "_opacity": 255,
    "_color": {
      "__type__": "cc.Color",
      "r": 255,
      "g": 255,
      "b": 255,
      "a": 255
    },
    "_cascadeOpacityEnabled": true,
    "_anchorPoint": {
      "__type__": "cc.Vec2",
      "x": 0.5,
      "y": 0.5
    },
    "_contentSize": {
      "__type__": "cc.Size",
      "width": 105,
      "height": 114
    },
    "_rotationX": 0,
    "_rotationY": 0,
    "_scaleX": 1,
    "_scaleY": 1,
    "_position": {
      "__type__": "cc.Vec2",
      "x": 1850,
      "y": 125
    },
    "_skewX": 0,
    "_skewY": 0,
    "_localZOrder": 0,
    "_globalZOrder": 0,
    "_opacityModifyRGB": false,
    "groupIndex": 0
  },
  {
    "__type__": "cc.Sprite",
    "_name": "",
    "_objFlags": 0,
    "node": {
      "__id__": 36
    },
    "_enabled": true,
    "_spriteFrame": {
      "__uuid__": "6dc8ff2a-cd99-4e60-b1ed-d2d7e29465b0"
    },
    "_type": 0,
    "_sizeMode": 1,
    "_fillType": 0,
    "_fillCenter": {
      "__type__": "cc.Vec2",
      "x": 0,
      "y": 0
    },
    "_fillStart": 0,
    "_fillRange": 0,
    "_isTrimmedMode": true,
    "_srcBlendFactor": 770,
    "_dstBlendFactor": 771,
    "_atlas": null
  },
  {
    "__type__": "cc.PolygonCollider",
    "_name": "",
    "_objFlags": 0,
    "node": {
      "__id__": 36
    },
    "_enabled": true,
    "tag": 4,
    "_offset": {
      "__type__": "cc.Vec2",
      "x": 0,
      "y": 0
    },
    "points": [
      {
        "__type__": "cc.Vec2",
        "x": 23.5,
        "y": 57
      },
      {
        "__type__": "cc.Vec2",
        "x": 4.5,
        "y": 51
      },
      {
        "__type__": "cc.Vec2",
        "x": -3.5,
        "y": 45
      },
      {
        "__type__": "cc.Vec2",
        "x": -6.5,
        "y": 39
      },
      {
        "__type__": "cc.Vec2",
        "x": -21.5,
        "y": 39
      },
      {
        "__type__": "cc.Vec2",
        "x": -40.5,
        "y": 32
      },
      {
        "__type__": "cc.Vec2",
        "x": -48.5,
        "y": 25
      },
      {
        "__type__": "cc.Vec2",
        "x": -52.5,
        "y": 15
      },
      {
        "__type__": "cc.Vec2",
        "x": -52.5,
        "y": -4
      },
      {
        "__type__": "cc.Vec2",
        "x": -48.5,
        "y": -13
      },
      {
        "__type__": "cc.Vec2",
        "x": -35.5,
        "y": -26
      },
      {
        "__type__": "cc.Vec2",
        "x": -35.5,
        "y": -43
      },
      {
        "__type__": "cc.Vec2",
        "x": -32.5,
        "y": -50
      },
      {
        "__type__": "cc.Vec2",
        "x": -28.5,
        "y": -54
      },
      {
        "__type__": "cc.Vec2",
        "x": -20.5,
        "y": -57
      },
      {
        "__type__": "cc.Vec2",
        "x": -10.5,
        "y": -57
      },
      {
        "__type__": "cc.Vec2",
        "x": 3.5,
        "y": -53
      },
      {
        "__type__": "cc.Vec2",
        "x": 11.5,
        "y": -46
      },
      {
        "__type__": "cc.Vec2",
        "x": 13.5,
        "y": -46
      },
      {
        "__type__": "cc.Vec2",
        "x": 20.5,
        "y": -39
      },
      {
        "__type__": "cc.Vec2",
        "x": 21.5,
        "y": -36
      },
      {
        "__type__": "cc.Vec2",
        "x": 24.5,
        "y": -35
      },
      {
        "__type__": "cc.Vec2",
        "x": 24.5,
        "y": -33
      },
      {
        "__type__": "cc.Vec2",
        "x": 29.5,
        "y": -29
      },
      {
        "__type__": "cc.Vec2",
        "x": 29.5,
        "y": -27
      },
      {
        "__type__": "cc.Vec2",
        "x": 36.5,
        "y": -19
      },
      {
        "__type__": "cc.Vec2",
        "x": 40.5,
        "y": -8
      },
      {
        "__type__": "cc.Vec2",
        "x": 39.5,
        "y": 18
      },
      {
        "__type__": "cc.Vec2",
        "x": 42.5,
        "y": 33
      },
      {
        "__type__": "cc.Vec2",
        "x": 43.5,
        "y": 36
      },
      {
        "__type__": "cc.Vec2",
        "x": 52.5,
        "y": 43
      },
      {
        "__type__": "cc.Vec2",
        "x": 52.5,
        "y": 50
      },
      {
        "__type__": "cc.Vec2",
        "x": 50.5,
        "y": 53
      },
      {
        "__type__": "cc.Vec2",
        "x": 46.5,
        "y": 55
      },
      {
        "__type__": "cc.Vec2",
        "x": 42.5,
        "y": 55
      },
      {
        "__type__": "cc.Vec2",
        "x": 39.5,
        "y": 57
      }
    ]
  },
  {
    "__type__": "b2cccxLrdBCjZJ19byMzjSM",
    "_name": "",
    "_objFlags": 0,
    "node": {
      "__id__": 36
    },
    "_enabled": true,
    "view": {
      "__id__": 10
    },
    "label": {
      "__id__": 13
    }
  },
  {
    "__type__": "cc.Sprite",
    "_name": "",
    "_objFlags": 0,
    "node": {
      "__id__": 3
    },
    "_enabled": true,
    "_spriteFrame": {
      "__uuid__": "dda65b45-f432-4a39-88d3-1cabe4876bfe"
    },
    "_type": 0,
    "_sizeMode": 0,
    "_fillType": 0,
    "_fillCenter": {
      "__type__": "cc.Vec2",
      "x": 0,
      "y": 0
    },
    "_fillStart": 0,
    "_fillRange": 0,
    "_isTrimmedMode": true,
    "_srcBlendFactor": 770,
    "_dstBlendFactor": 771,
    "_atlas": null
  },
  {
    "__type__": "69937FZ5GBKx4tfCnUXS+kQ",
    "_name": "",
    "_objFlags": 0,
    "node": {
      "__id__": 3
    },
    "_enabled": true,
    "hero": {
      "__id__": 42
    },
    "bg": {
      "__id__": 3
    }
  },
  {
    "__type__": "cc.Node",
    "_name": "hero",
    "_objFlags": 0,
    "_parent": {
      "__id__": 2
    },
    "_children": [],
    "_tag": -1,
    "_active": true,
    "_components": [
      {
        "__id__": 43
      },
      {
        "__id__": 44
      },
      {
        "__id__": 45
      }
    ],
    "_prefab": null,
    "_id": "5c4a4XXv6BIRapdHT7eciag",
    "_opacity": 255,
    "_color": {
      "__type__": "cc.Color",
      "r": 255,
      "g": 255,
      "b": 255,
      "a": 255
    },
    "_cascadeOpacityEnabled": true,
    "_anchorPoint": {
      "__type__": "cc.Vec2",
      "x": 0.5,
      "y": 0
    },
    "_contentSize": {
      "__type__": "cc.Size",
      "width": 89,
      "height": 121
    },
    "_rotationX": 0,
    "_rotationY": 0,
    "_scaleX": 1,
    "_scaleY": 1,
    "_position": {
      "__type__": "cc.Vec2",
      "x": -350,
      "y": -180
    },
    "_skewX": 0,
    "_skewY": 0,
    "_localZOrder": 0,
    "_globalZOrder": 0,
    "_opacityModifyRGB": false,
    "groupIndex": 0
  },
  {
    "__type__": "cc.Sprite",
    "_name": "",
    "_objFlags": 0,
    "node": {
      "__id__": 42
    },
    "_enabled": true,
    "_spriteFrame": {
      "__uuid__": "8f068ff7-5bd6-4fc7-bfd2-b4824a944fe7"
    },
    "_type": 0,
    "_sizeMode": 1,
    "_fillType": 0,
    "_fillCenter": {
      "__type__": "cc.Vec2",
      "x": 0,
      "y": 0
    },
    "_fillStart": 0,
    "_fillRange": 0,
    "_isTrimmedMode": true,
    "_srcBlendFactor": 770,
    "_dstBlendFactor": 771,
    "_atlas": null
  },
  {
    "__type__": "26b4evbOA5MYJTBuI9hfh+0",
    "_name": "",
    "_objFlags": 0,
    "node": {
      "__id__": 42
    },
    "_enabled": true,
    "moveSpeed": 200
  },
  {
    "__type__": "cc.PolygonCollider",
    "_name": "",
    "_objFlags": 0,
    "node": {
      "__id__": 42
    },
    "_enabled": true,
    "tag": 0,
    "_offset": {
      "__type__": "cc.Vec2",
      "x": 0,
      "y": 0
    },
    "points": [
      {
        "__type__": "cc.Vec2",
        "x": -50,
        "y": -50
      },
      {
        "__type__": "cc.Vec2",
        "x": 50,
        "y": -50
      },
      {
        "__type__": "cc.Vec2",
        "x": 50,
        "y": 50
      },
      {
        "__type__": "cc.Vec2",
        "x": -50,
        "y": 50
      },
      {
        "__type__": "cc.Vec2",
        "x": 0,
        "y": 0
      },
      {
        "__type__": "cc.Vec2",
        "x": 0,
        "y": 0
      },
      {
        "__type__": "cc.Vec2",
        "x": 0,
        "y": 0
      },
      {
        "__type__": "cc.Vec2",
        "x": 0,
        "y": 0
      },
      {
        "__type__": "cc.Vec2",
        "x": 0,
        "y": 0
      },
      {
        "__type__": "cc.Vec2",
        "x": 0,
        "y": 0
      },
      {
        "__type__": "cc.Vec2",
        "x": 0,
        "y": 0
      },
      {
        "__type__": "cc.Vec2",
        "x": 0,
        "y": 0
      },
      {
        "__type__": "cc.Vec2",
        "x": 0,
        "y": 0
      },
      {
        "__type__": "cc.Vec2",
        "x": 0,
        "y": 0
      },
      {
        "__type__": "cc.Vec2",
        "x": 0,
        "y": 0
      },
      {
        "__type__": "cc.Vec2",
        "x": 0,
        "y": 0
      },
      {
        "__type__": "cc.Vec2",
        "x": 0,
        "y": 0
      },
      {
        "__type__": "cc.Vec2",
        "x": 0,
        "y": 0
      },
      {
        "__type__": "cc.Vec2",
        "x": 0,
        "y": 0
      },
      {
        "__type__": "cc.Vec2",
        "x": 0,
        "y": 0
      },
      {
        "__type__": "cc.Vec2",
        "x": 0,
        "y": 0
      },
      {
        "__type__": "cc.Vec2",
        "x": 0,
        "y": 0
      },
      {
        "__type__": "cc.Vec2",
        "x": 0,
        "y": 0
      },
      {
        "__type__": "cc.Vec2",
        "x": 0,
        "y": 0
      },
      {
        "__type__": "cc.Vec2",
        "x": 0,
        "y": 0
      },
      {
        "__type__": "cc.Vec2",
        "x": 0,
        "y": 0
      },
      {
        "__type__": "cc.Vec2",
        "x": 0,
        "y": 0
      },
      {
        "__type__": "cc.Vec2",
        "x": 0,
        "y": 0
      },
      {
        "__type__": "cc.Vec2",
        "x": 0,
        "y": 0
      },
      {
        "__type__": "cc.Vec2",
        "x": 0,
        "y": 0
      },
      {
        "__type__": "cc.Vec2",
        "x": 0,
        "y": 0
      },
      {
        "__type__": "cc.Vec2",
        "x": 0,
        "y": 0
      },
      {
        "__type__": "cc.Vec2",
        "x": 0,
        "y": 0
      },
      {
        "__type__": "cc.Vec2",
        "x": 0,
        "y": 0
      },
      {
        "__type__": "cc.Vec2",
        "x": 0,
        "y": 0
      },
      {
        "__type__": "cc.Vec2",
        "x": 0,
        "y": 0
      },
      {
        "__type__": "cc.Vec2",
        "x": 0,
        "y": 0
      },
      {
        "__type__": "cc.Vec2",
        "x": 0,
        "y": 0
      },
      {
        "__type__": "cc.Vec2",
        "x": 0,
        "y": 0
      },
      {
        "__type__": "cc.Vec2",
        "x": 0,
        "y": 0
      },
      {
        "__type__": "cc.Vec2",
        "x": 0,
        "y": 0
      },
      {
        "__type__": "cc.Vec2",
        "x": 0,
        "y": 0
      },
      {
        "__type__": "cc.Vec2",
        "x": 0,
        "y": 0
      },
      {
        "__type__": "cc.Vec2",
        "x": 0,
        "y": 0
      },
      {
        "__type__": "cc.Vec2",
        "x": 0,
        "y": 0
      },
      {
        "__type__": "cc.Vec2",
        "x": 0,
        "y": 0
      },
      {
        "__type__": "cc.Vec2",
        "x": 0,
        "y": 0
      },
      {
        "__type__": "cc.Vec2",
        "x": 0,
        "y": 0
      },
      {
        "__type__": "cc.Vec2",
        "x": 0,
        "y": 0
      },
      {
        "__type__": "cc.Vec2",
        "x": 0,
        "y": 0
      }
    ]
  },
  {
    "__type__": "3f8e31K8JREGopz1tx3mAQ1",
    "_name": "",
    "_objFlags": 0,
    "node": {
      "__id__": 3
    },
    "_enabled": true,
    "monster1": {
      "__id__": 24
    },
    "monster2": {
      "__id__": 28
    },
    "monster3": {
      "__id__": 32
    },
    "boss": {
      "__id__": 36
    },
    "box": {
      "__id__": 6
    }
  },
  {
    "__type__": "cc.Node",
    "_name": "close",
    "_objFlags": 0,
    "_parent": {
      "__id__": 2
    },
    "_children": [],
    "_tag": -1,
    "_active": true,
    "_components": [
      {
        "__id__": 48
      },
      {
        "__id__": 49
      },
      {
        "__id__": 51
      }
    ],
    "_prefab": null,
    "_id": "0616eR/WJlMuoSpq9jVOzY4",
    "_opacity": 255,
    "_color": {
      "__type__": "cc.Color",
      "r": 255,
      "g": 255,
      "b": 255,
      "a": 255
    },
    "_cascadeOpacityEnabled": true,
    "_anchorPoint": {
      "__type__": "cc.Vec2",
      "x": 0.5,
      "y": 0.5
    },
    "_contentSize": {
      "__type__": "cc.Size",
      "width": 47,
      "height": 43
    },
    "_rotationX": 0,
    "_rotationY": 0,
    "_scaleX": 1,
    "_scaleY": 1,
    "_position": {
      "__type__": "cc.Vec2",
      "x": 440,
      "y": 275
    },
    "_skewX": 0,
    "_skewY": 0,
    "_localZOrder": 0,
    "_globalZOrder": 0,
    "_opacityModifyRGB": false,
    "groupIndex": 0
  },
  {
    "__type__": "cc.Sprite",
    "_name": "",
    "_objFlags": 0,
    "node": {
      "__id__": 47
    },
    "_enabled": true,
    "_spriteFrame": {
      "__uuid__": "ff33cf2a-4cbc-481e-9749-e074b8fd7488"
    },
    "_type": 1,
    "_sizeMode": 0,
    "_fillType": 0,
    "_fillCenter": {
      "__type__": "cc.Vec2",
      "x": 0,
      "y": 0
    },
    "_fillStart": 0,
    "_fillRange": 0,
    "_isTrimmedMode": true,
    "_srcBlendFactor": 770,
    "_dstBlendFactor": 771,
    "_atlas": null
  },
  {
    "__type__": "cc.Button",
    "_name": "",
    "_objFlags": 0,
    "node": {
      "__id__": 47
    },
    "_enabled": true,
    "transition": 3,
    "pressedColor": {
      "__type__": "cc.Color",
      "r": 255,
      "g": 255,
      "b": 255,
      "a": 255
    },
    "hoverColor": {
      "__type__": "cc.Color",
      "r": 255,
      "g": 255,
      "b": 255,
      "a": 255
    },
    "duration": 0.1,
    "zoomScale": 1.2,
    "clickEvents": [
      {
        "__id__": 50
      }
    ],
    "_N$interactable": true,
    "_N$enableAutoGrayEffect": false,
    "_N$normalColor": {
      "__type__": "cc.Color",
      "r": 255,
      "g": 255,
      "b": 255,
      "a": 255
    },
    "_N$disabledColor": {
      "__type__": "cc.Color",
      "r": 255,
      "g": 255,
      "b": 255,
      "a": 255
    },
    "_N$normalSprite": {
      "__uuid__": "ff33cf2a-4cbc-481e-9749-e074b8fd7488"
    },
    "_N$pressedSprite": {
      "__uuid__": "e9ec654c-97a2-4787-9325-e6a10375219a"
    },
    "pressedSprite": {
      "__uuid__": "e9ec654c-97a2-4787-9325-e6a10375219a"
    },
    "_N$hoverSprite": {
      "__uuid__": "e9ec654c-97a2-4787-9325-e6a10375219a"
    },
    "hoverSprite": {
      "__uuid__": "e9ec654c-97a2-4787-9325-e6a10375219a"
    },
    "_N$disabledSprite": {
      "__uuid__": "29158224-f8dd-4661-a796-1ffab537140e"
    },
    "_N$target": {
      "__id__": 47
    }
  },
  {
    "__type__": "cc.ClickEvent",
    "target": {
      "__id__": 47
    },
    "component": "close",
    "handler": "close",
    "customEventData": ""
  },
  {
    "__type__": "52f53vMPsFAjpzaXvD7gqHb",
    "_name": "",
    "_objFlags": 0,
    "node": {
      "__id__": 47
    },
    "_enabled": true
  },
  {
    "__type__": "cc.Node",
    "_name": "explain",
    "_objFlags": 0,
    "_parent": {
      "__id__": 2
    },
    "_children": [],
    "_tag": -1,
    "_active": true,
    "_components": [
      {
        "__id__": 53
      }
    ],
    "_prefab": null,
    "_id": "60bc8tO3lhL3aKU/FK9bDdT",
    "_opacity": 255,
    "_color": {
      "__type__": "cc.Color",
      "r": 255,
      "g": 255,
      "b": 255,
      "a": 255
    },
    "_cascadeOpacityEnabled": true,
    "_anchorPoint": {
      "__type__": "cc.Vec2",
      "x": 0.5,
      "y": 0.5
    },
    "_contentSize": {
      "__type__": "cc.Size",
      "width": 440,
      "height": 40
    },
    "_rotationX": 0,
    "_rotationY": 0,
    "_scaleX": 1,
    "_scaleY": 1,
    "_position": {
      "__type__": "cc.Vec2",
      "x": 0,
      "y": 275
    },
    "_skewX": 0,
    "_skewY": 0,
    "_localZOrder": 0,
    "_globalZOrder": 0,
    "_opacityModifyRGB": false,
    "groupIndex": 0
  },
  {
    "__type__": "cc.Label",
    "_name": "",
    "_objFlags": 0,
    "node": {
      "__id__": 52
    },
    "_enabled": true,
    "_useOriginalSize": false,
    "_actualFontSize": 40,
    "_fontSize": 40,
    "_lineHeight": 40,
    "_enableWrapText": true,
    "_N$file": null,
    "_isSystemFontUsed": true,
    "_spacingX": 0,
    "_N$string": "要小心，不要碰到怪物哦",
    "_N$horizontalAlign": 1,
    "_N$verticalAlign": 1,
    "_N$fontFamily": "Arial",
    "_N$overflow": 0
  },
  {
    "__type__": "cc.Canvas",
    "_name": "",
    "_objFlags": 0,
    "node": {
      "__id__": 2
    },
    "_enabled": true,
    "_designResolution": {
      "__type__": "cc.Size",
      "width": 960,
      "height": 640
    },
    "_fitWidth": false,
    "_fitHeight": true
  }
]