{
    "kUrlRecommend": "https://c.y.qq.com/node/musicmac/v4/index.html",
    "kUrlRanking": "https://y.qq.com/musicmac/v4/toplist/index.html",
    "kUrlChannel": "https://y.qq.com/musicmac/v4/playlist/index.html",
    "kUrlRadio": "https://y.qq.com/musicmac/v4/radio/index.html",
    "kUrlSingerDetailMID": "https://y.qq.com/musicmac/v4/singer/detail.html?singermid=%@",
    "kUrlSingerDetailSingerID": "https://y.qq.com/musicmac/v4/singer/detail.html?singerid=%@",
    "kUrlSingerSongListByMID": "https://y.qq.com/musicmac/v4/singer/songlist.html?singermid=%@",
    "kUrlSingerAlbumListByMID": "https://y.qq.com/musicmac/v4/singer/albumlist.html?singermid=%@",
    "kUrlAlbumDetailMID": "https://y.qq.com/musicmac/v4/album/detail.html?albummid=%@",
    "kUrlAlbumDetailAlbumID": "https://y.qq.com/musicmac/v4/album/detail.html?albumid=%@",
    "kUrlFolderDetailFolderID": "https://y.qq.com/musicmac/v4/playlist/detail.html?id=%@",
    "kUrlRecoverFolder": "https://y.qq.com/#type=mymusic&p=list_recover.html",
    "kUrlYQQDownload": "https://y.qq.com/#type=down&p=index",
    "kUrlUserTips": "https://y.qq.com/musicmac/v4/usertips.html",
    "kUrlUserProfileByUin": "https://y.qq.com/musicmac/v4/profile/profile.html?uin=%@",
    "kUrlEditFolderInfo": "https://y.qq.com/musicmac/v4/create_taoge.html?dirid=%@",
    "kUrlBuyAlbum": "https://y.qq.com/musicmac/v4/buyalbum.html",
    "kUrlShareSong": "https://y.qq.com/musicmac/v4/music_share.html?sharetype=0&id=%@",
    "kUrlShareMyFoler": "https://y.qq.com/musicmac/v4/music_share.html?dirid=%@&sharetype=3",
    "kUrlShareTaoFoler": "https://y.qq.com/musicmac/v4/music_share.html?dirid=%@&sharetype=2",
    "kUrlCategory": "https://y.qq.com/musicmac/v4/playlist/index.html?categoryId=%@",
    "kUrlMVRoot" : "https://y.qq.com/musicmac/v4/mv/index.html",
    "kUrlPlayMvID" : "https://y.qq.com/musicmac/v4/mv/player.html",
    "kUrlSongComment" : "https://y.qq.com/musicmac/v4/song/detail.html?songid=%@&songtype=%@",
    "kUrlSongListComment" : "https://y.qq.com/musicmac/v4/playlist/detail.html?id=%@&type=commentonly",
    "kUrlMsgNotice": "https://y.qq.com/musicmac/v4/msg/msg_index.html?uid=%@"
}
