{
  "content": {
    "PageHeader": "",
    "AccountPicture": "",
    "AccountName": "",

    "ProcessesHeader": "",
    "RunningProcesses": "",
    "NotRespondingProcesses": "",
    "NotRespondingProcessesList": [],
    "ProcManagerButton": "",

    "PerformanceHeader": "",
    "CPUHeader": "",
    "CPUPercentage": "",
    "CPUTotal": "",
    "RAMHeader": "",
    "RAMPercentage": "",
    "RAMTotal": "",
    "DriveHeader": "",
    "DrivePercentage": "",
    "DriveTotal": "",
    "DriveList": [],
    "DiscCleanupButton": "",
    "PerfManagerButton": "",

    "SecurityHeader": "",
    "AntivirusHeader": "",
    "AntivirusStatus": "",
    "AntivirusContent": [],
    "FirewallHeader": "",
    "FirewallStatus": "",
    "FirewallContent": [],
    "UpdatesHeader": "",
    "UpdatesStatus": "",
    "UpdatesContent": "",
    "SecurityCenterButton": "",

    "DiskHealthHeader": "",
    "DiskHealthInfoList": [],
    "DriveLettersHeader": "",
    "DiskHealthStatusHeader": "",
    "DiskHealthSerialNumberHeader": "",

    "SessionInfoHeader": "",
    "PartnerHeader": "",
    "PartnerContent": "",
    "DurationHeader": "",
    "DurationContent": "",

    "DeviceHeader": "",
    "ManufacturerHeader": "",
    "ManufacturerContent": "",
    "ModelHeader": "",
    "ModelContent": "",
    "OSHeader": "",
    "OSContent": "",
    "ComputerHeader": "",
    "ComputerContent": "",
    "DeviceTagHeader": "",
    "DeviceTagContent": "",
    "BiosHeader": "",
    "BiosContent": "",
    "BiosDate": "",
    "BiosString": "",
    "LastBootUpTimeHeader": "",
    "TimeSinceLastBootUp": "",
    "BatteryInfoHeader": "",
    "BatteryInfoList": [],
    "OpenSyslogButton": "",

    "EnvironmentHeader": "",
    "AdapterHeader": "",
    "DomainHeader": "",
    "NetworkHeader": "",
    "IPHeader": "",
    "SubnetMaskHeader": "",
    "IPv6Header": "",
    "NetworkAdapters" : [],
    "NetworkCenterButton": ""
  }
}
