{
    "JTToolbarView_BackgroundColor" : {"R": 0 , "G" : 0 , "B" : 0 , "A" : 0.7},
    
    "JTEditGraphTypeRoundRect_frame" : {"X" : 20, "Y" : 10, "W" : 28, "H" : 26},
    "JTEditGraphTypeRoundRect_hover" : "JTEditGraphTypeRoundRect_normal",
    "JTEditGraphTypeRoundRect_selected" : "JTEditGraphTypeRoundRect_selected",
    "JTEditGraphTypeRoundRect_pressed" : "JTEditGraphTypeRoundRect_selected",
    "JTEditGraphTypeRoundRect_normal" : "JTEditGraphTypeRoundRect_normal",
    "JTEditGraphTypeRoundRect_disabled" : "JTEditGraphTypeRoundRect_normal",
    
    "JTEditGraphTypeOval_frame" : {"X" : 60, "Y" : 10, "W" : 28, "H" : 26},
    "JTEditGraphTypeOval_hover" : "JTEditGraphTypeOval_normal",
    "JTEditGraphTypeOval_selected" : "JTEditGraphTypeOval_selected",
    "JTEditGraphTypeOval_pressed" : "JTEditGraphTypeOval_selected",
    "JTEditGraphTypeOval_normal" : "JTEditGraphTypeOval_normal",
    "JTEditGraphTypeOval_disabled" : "JTEditGraphTypeOval_normal",
    
    "JTEditGraphTypeArrow_frame" : {"X" : 100, "Y" : 10, "W" : 28, "H" : 26},
    "JTEditGraphTypeArrow_hover" : "JTEditGraphTypeArrow_normal",
    "JTEditGraphTypeArrow_selected" : "JTEditGraphTypeArrow_selected",
    "JTEditGraphTypeArrow_pressed" : "JTEditGraphTypeArrow_selected",
    "JTEditGraphTypeArrow_normal" : "JTEditGraphTypeArrow_normal",
    "JTEditGraphTypeArrow_disabled" : "JTEditGraphTypeArrow_normal",
    
    "JTEditGraphTypeCurve_frame" : {"X" : 140, "Y" : 10, "W" : 28, "H" : 26},
    "JTEditGraphTypeCurve_hover" : "JTEditGraphTypeCurve_normal",
    "JTEditGraphTypeCurve_selected" : "JTEditGraphTypeCurve_selected",
    "JTEditGraphTypeCurve_pressed" : "JTEditGraphTypeCurve_selected",
    "JTEditGraphTypeCurve_normal" : "JTEditGraphTypeCurve_normal",
    "JTEditGraphTypeCurve_disabled" : "JTEditGraphTypeCurve_normal",
    
    "JTEditGraphTypeMosaicPen_frame" : {"X" : 180, "Y" : 10, "W" : 28, "H" : 26},
    "JTEditGraphTypeMosaicPen_hover" : "JTEditGraphTypeMosaicPen_normal",
    "JTEditGraphTypeMosaicPen_selected" : "JTEditGraphTypeMosaicPen_selected",
    "JTEditGraphTypeMosaicPen_pressed" : "JTEditGraphTypeMosaicPen_selected",
    "JTEditGraphTypeMosaicPen_normal" : "JTEditGraphTypeMosaicPen_normal",
    "JTEditGraphTypeMosaicPen_disabled" : "JTEditGraphTypeMosaicPen_normal",
    
    "JTEditGraphTypeText_frame" : {"X" : 220, "Y" : 10, "W" : 28, "H" : 26},
    "JTEditGraphTypeText_hover" : "JTEditGraphTypeText_normal",
    "JTEditGraphTypeText_selected" : "JTEditGraphTypeText_selected",
    "JTEditGraphTypeText_pressed" : "JTEditGraphTypeText_selected",
    "JTEditGraphTypeText_normal" : "JTEditGraphTypeText_normal",
    "JTEditGraphTypeText_disabled" : "JTEditGraphTypeText_normal",
    
    "JTEditGraphTypeTag_frame" : {"X" : 260, "Y" : 10, "W" : 28, "H" : 26},
    "JTEditGraphTypeTag_hover" : "JTEditGraphTypeTag_normal",
    "JTEditGraphTypeTag_selected" : "JTEditGraphTypeTag_selected",
    "JTEditGraphTypeTag_pressed" : "JTEditGraphTypeTag_selected",
    "JTEditGraphTypeTag_normal" : "JTEditGraphTypeTag_normal",
    "JTEditGraphTypeTag_disabled" : "JTEditGraphTypeTag_normal",
    
    "JTToolbarFunctionButtonTypeUndo_frame" : {"X" : 320, "Y" : 10, "W" : 28, "H" : 26},
    "JTToolbarFunctionButtonTypeUndo_hover" : "JTToolbarFunctionButtonTypeUndo_normal",
    "JTToolbarFunctionButtonTypeUndo_selected" : "JTToolbarFunctionButtonTypeUndo_selected",
    "JTToolbarFunctionButtonTypeUndo_pressed" : "JTToolbarFunctionButtonTypeUndo_selected",
    "JTToolbarFunctionButtonTypeUndo_normal" : "JTToolbarFunctionButtonTypeUndo_normal",
    "JTToolbarFunctionButtonTypeUndo_disabled" : "JTToolbarFunctionButtonTypeUndo_disabled",
    
    "JTToolbarFunctionButtonTypeSave_frame" : {"X" : 360, "Y" : 10, "W" : 28, "H" : 26},
    "JTToolbarFunctionButtonTypeSave_hover" : "JTToolbarFunctionButtonTypeSave_normal",
    "JTToolbarFunctionButtonTypeSave_selected" : "JTToolbarFunctionButtonTypeSave_selected",
    "JTToolbarFunctionButtonTypeSave_pressed" : "JTToolbarFunctionButtonTypeSave_selected",
    "JTToolbarFunctionButtonTypeSave_normal" : "JTToolbarFunctionButtonTypeSave_normal",
    "JTToolbarFunctionButtonTypeSave_disabled" : "JTToolbarFunctionButtonTypeSave_normal",
    
    "JTToolbarFunctionButtonTypeCancel_frame" : {"X" : 400, "Y" : 10, "W" : 28, "H" : 26},
    "JTToolbarFunctionButtonTypeCancel_hover" : "JTToolbarFunctionButtonTypeCancel_normal",
    "JTToolbarFunctionButtonTypeCancel_selected" : "JTToolbarFunctionButtonTypeCancel_selected",
    "JTToolbarFunctionButtonTypeCancel_pressed" : "JTToolbarFunctionButtonTypeCancel_selected",
    "JTToolbarFunctionButtonTypeCancel_normal" : "JTToolbarFunctionButtonTypeCancel_normal",
    "JTToolbarFunctionButtonTypeCancel_disabled" : "JTToolbarFunctionButtonTypeCancel_normal",
    
    "JTToolbarFunctionButtonTypeOK_frame" : {"X" : 440, "Y" : 10, "W" : 28, "H" : 26},
    "JTToolbarFunctionButtonTypeOK_hover" : "JTToolbarFunctionButtonTypeOK_normal",
    "JTToolbarFunctionButtonTypeOK_selected" : "JTToolbarFunctionButtonTypeOK_selected",
    "JTToolbarFunctionButtonTypeOK_pressed" : "JTToolbarFunctionButtonTypeOK_selected",
    "JTToolbarFunctionButtonTypeOK_normal" : "JTToolbarFunctionButtonTypeOK_normal",
    "JTToolbarFunctionButtonTypeOK_disabled" : "JTToolbarFunctionButtonTypeOK_normal",

    "JTToolbarSeperateLine" : "JTToolbarSeperateLine",
    
    
    "JTCaptureView_BackgroundColor" : {"Hex" : "#000000", "A" : 0.5},
    "JTCaptureView_SelectRect_BorderColor" : {"Hex" : "#000000"},
    "JTCaptureView_SelectRect_BorderWidth" : 1,
    "JTCaptureView_SelectRect_FillColor" : {"Hex" : "#d3d3d3", "A" : 0.1},
    
    "JTCaptureView_ControlPoint_Size" : {"W" : 6, "H" : 6},
    "JTCaptureView_ControlPoint_FillColor" : {"Hex" : "#ffffff"},
    "JTCaptureView_ControlPoint_StrokeColor" : {"Hex" : "#000000"},
    "JTCaptureView_ControlPoint_StrokeWidth" : 1,
    
    "JTCaptureSizeinfoView_Size" : {"W" : 84, "H" : 25},
    "JTCaptureSizeinfoView_BackgroundColor" : {"R": 0 , "G" : 0 , "B" : 0 , "A" : 0.4},
    "JTCaptureSizeinfoView_BorderColor" : {},
    "JTCaptureSizeinfoView_FontColor" : {"Hex" : "#ededed"},
    "JTCaptureSizeinfoView_Font" : {"Name" : "helvetica", "Size" : 12},
    "JTCaptureSizeInfoView_EnableGaussEffect" : true,
    
    "JTMagnifierCrossLineColor" : {"Hex" : "#09b807"},
    "JTMagnifierBackgroundColor" : {"Hex" : "#000000", "A" : 0.5},
    "JTMagnifierInfoBackgroundColor" : {"Hex" : "#000000", "A" : 0.5},
    "JTMagnifier_FontColor" : {"Hex" : "#d3d3d3"},
    
    "JTPopover_BackgroundColor" : {"R": 0 , "G" : 0 , "B" : 0 , "A" : 0.8},
    "JTPopoverLogo" : "jietu",
    
    
    "JTToolbarLineWidth3px_normal" : "JTToolbarLineWidth3px_normal",
    "JTToolbarLineWidth3px_selected" : "JTToolbarLineWidth3px_selected",
    "JTToolbarLineWidth6px_normal" : "JTToolbarLineWidth6px_normal",
    "JTToolbarLineWidth6px_selected" : "JTToolbarLineWidth6px_selected",
    "JTToolbarLineWidth9px_normal" : "JTToolbarLineWidth9px_normal",
    "JTToolbarLineWidth9px_selected" : "JTToolbarLineWidth9px_selected",
    
    "JTPopoverLineColorBorderColor" : {"Hex" : "#ffffff", "A" : 0.2},
    "JTPopoverFontSizeBorderColor" : {"Hex" : "#abadba", "A" : 0.2},
    "JTPopoverFontSize_FontColor" : {"Hex" : "#ffffff"},
    
    "JTPopoverMenu_BackgroundColor" : {"R": 0 , "G" : 0 , "B" : 0},
    "JTPopoverMenu_BorderColor" : {"Hex" : "#ffffff"},
    "JTPopoverMenu_HoverColor" : {"Hex" : "#4396ff"},
    
    "JTPopoverPullDownArrow" : "JTPopoverPullDownArrow",
    
    "jtswitch_english" : "jtswitch_english",
    "jtswitch" : "jtswitch",
    "jtswitchFirstFrame_english" : "jtswitchFirstFrame_english",
    "jtswitchFirstFrame" : "jtswitchFirstFrame",
    
    
    "logoIntroduce_hover" : "logoIntroduce_hover",
    "logoIntroduce_normal" : "logoIntroduce_normal",
    
    "move_cursor" : "move_cursor",
    "resize_cursor_0" : "resize_cursor_0",
    "resize_cursor_45" : "resize_cursor_45",
    "resize_cursor_90" : "resize_cursor_90",
    "resize_cursor_135" : "resize_cursor_135",
    "rotate_cursor_225" : "rotate_cursor_225",
    "rotate_cursor_315" : "rotate_cursor_315",
    "sightingTelescopeCursor" : "sightingTelescopeCursor",
    
    "JTPopoverLineWidthViewSize" : {"W" : 76, "H" : 38},
    "JTPopoverLineWidthViewMargin" :  {"L" : 12},
    "JTPopoverLineWidthButton1Frame" : {"X" : 0, "Y" : 9, "W" : 20, "H" : 20},
    "JTPopoverLineWidthButton2Frame" : {"X" : 27, "Y" : 9, "W" : 20, "H" : 20},
    "JTPopoverLineWidthButton3Frame" : {"X" : 59, "Y" : 9, "W" : 20, "H" : 20},
    "JTPopoverLineWidthButton1Value" : 3,
    "JTPopoverLineWidthButton2Value" : 6,
    "JTPopoverLineWidthButton3Value" : 9,

    "JTPopoverLineColorViewSize" : {"W" : 121, "H" : 38},
    "JTPopoverLineColorViewMargin" : {"L" : 20},
    "JTPopoverLineColorButton1Frame" : {"X" : 0, "Y" : 11, "W" : 16, "H" : 16},
    "JTPopoverLineColorButton2Frame" : {"X" : 21, "Y" : 11, "W" : 16, "H" : 16},
    "JTPopoverLineColorButton3Frame" : {"X" : 42, "Y" : 11, "W" : 16, "H" : 16},
    "JTPopoverLineColorButton4Frame" : {"X" : 63, "Y" : 11, "W" : 16, "H" : 16},
    "JTPopoverLineColorButton5Frame" : {"X" : 84, "Y" : 11, "W" : 16, "H" : 16},
    "JTPopoverLineColorButton6Frame" : {"X" : 105, "Y" : 11, "W" : 16, "H" : 16},
    
    "JTPopoverFontSizeViewSize" : {"W" : 80, "H" : 38},
    "JTPopoverFontSizeViewMargin" : {"L" : 10},

    "JTPopoverViewSize_WidthColor" : {"W" : 239, "H" : 44},
    "JTPopoverViewSize_Width" : {"W" : 98, "H" : 44},
    "JTPopoverViewSize_FontColor" : {"W" : 241, "H" : 44},
    "JTPopoverViewSize_Logo" : {"W" : 56, "H" : 44},

    "JTPopoverViewArrowSize" : {"W" : 12, "H" : 6},
  
    "JTToolbarPanelSize" : {"W" : 480, "H" : 40},
}
