[
  {
    "__type__": "cc.Prefab",
    "_name": "cardPrefab",
    "_objFlags": 0,
    "_rawFiles": null,
    "data": {
      "__id__": 1
    },
    "asyncLoadAssets": false
  },
  {
    "__type__": "cc.Node",
    "_name": "cardPrefab",
    "_objFlags": 0,
    "_opacity": 255,
    "_color": {
      "__type__": "cc.Color",
      "r": 255,
      "g": 255,
      "b": 255,
      "a": 255
    },
    "_cascadeOpacityEnabled": true,
    "_parent": null,
    "_anchorPoint": {
      "__type__": "cc.Vec2",
      "x": 0.5,
      "y": 0.5
    },
    "_contentSize": {
      "__type__": "cc.Size",
      "width": 100,
      "height": 130
    },
    "_children": [
      {
        "__id__": 2
      },
      {
        "__id__": 6
      },
      {
        "__id__": 9
      }
    ],
    "_rotationX": 0,
    "_rotationY": 0,
    "_scaleX": 1,
    "_scaleY": 1,
    "_position": {
      "__type__": "cc.Vec2",
      "x": 679,
      "y": 413
    },
    "_skewX": 0,
    "_skewY": 0,
    "_localZOrder": 0,
    "_globalZOrder": 0,
    "_tag": -1,
    "_opacityModifyRGB": false,
    "_id": "",
    "_active": true,
    "_components": [
      {
        "__id__": 12
      },
      {
        "__id__": 13
      }
    ],
    "_prefab": {
      "__id__": 14
    },
    "groupIndex": 0
  },
  {
    "__type__": "cc.Node",
    "_name": "mainPic",
    "_objFlags": 0,
    "_opacity": 255,
    "_color": {
      "__type__": "cc.Color",
      "r": 255,
      "g": 255,
      "b": 255,
      "a": 255
    },
    "_cascadeOpacityEnabled": true,
    "_parent": {
      "__id__": 1
    },
    "_anchorPoint": {
      "__type__": "cc.Vec2",
      "x": 0.5,
      "y": 0.5
    },
    "_contentSize": {
      "__type__": "cc.Size",
      "width": 64,
      "height": 97
    },
    "_children": [],
    "_rotationX": 0,
    "_rotationY": 0,
    "_scaleX": 1,
    "_scaleY": 1,
    "_position": {
      "__type__": "cc.Vec2",
      "x": 6,
      "y": -5.5
    },
    "_skewX": 0,
    "_skewY": 0,
    "_localZOrder": 0,
    "_globalZOrder": 0,
    "_tag": -1,
    "_opacityModifyRGB": false,
    "_id": "",
    "_active": true,
    "_components": [
      {
        "__id__": 3
      },
      {
        "__id__": 4
      }
    ],
    "_prefab": {
      "__id__": 5
    },
    "groupIndex": 0
  },
  {
    "__type__": "cc.Sprite",
    "_name": "",
    "_objFlags": 0,
    "node": {
      "__id__": 2
    },
    "_enabled": true,
    "_spriteFrame": {
      "__uuid__": "0b810e03-d981-4426-b564-e2126e7b2c80"
    },
    "_type": 0,
    "_sizeMode": 1,
    "_fillType": 0,
    "_fillCenter": {
      "__type__": "cc.Vec2",
      "x": 0,
      "y": 0
    },
    "_fillStart": 0,
    "_fillRange": 0,
    "_isTrimmedMode": true,
    "_srcBlendFactor": 768,
    "_dstBlendFactor": 771,
    "_atlas": {
      "__uuid__": "59177601-e6e9-4f2d-bf46-644f1a2c7faa"
    }
  },
  {
    "__type__": "cc.Widget",
    "_name": "",
    "_objFlags": 0,
    "node": {
      "__id__": 2
    },
    "_enabled": true,
    "isAlignOnce": true,
    "_target": null,
    "_alignFlags": 36,
    "_left": 0,
    "_right": 12,
    "_top": 0,
    "_bottom": 11,
    "_verticalCenter": 0,
    "_horizontalCenter": 0,
    "_isAbsLeft": true,
    "_isAbsRight": true,
    "_isAbsTop": true,
    "_isAbsBottom": true,
    "_isAbsHorizontalCenter": true,
    "_isAbsVerticalCenter": true,
    "_originalWidth": 0,
    "_originalHeight": 0
  },
  {
    "__type__": "cc.PrefabInfo",
    "root": {
      "__id__": 1
    },
    "asset": {
      "__uuid__": "1be1ace3-b9b3-4bf4-9c45-5c1d9eccac08"
    },
    "fileId": "2c6c2o7zVRLdKlHww13gog5",
    "sync": false
  },
  {
    "__type__": "cc.Node",
    "_name": "suit",
    "_objFlags": 0,
    "_opacity": 255,
    "_color": {
      "__type__": "cc.Color",
      "r": 255,
      "g": 255,
      "b": 255,
      "a": 255
    },
    "_cascadeOpacityEnabled": true,
    "_parent": {
      "__id__": 1
    },
    "_anchorPoint": {
      "__type__": "cc.Vec2",
      "x": 0.5,
      "y": 0.5
    },
    "_contentSize": {
      "__type__": "cc.Size",
      "width": 16,
      "height": 16
    },
    "_children": [],
    "_rotationX": 0,
    "_rotationY": 0,
    "_scaleX": 1,
    "_scaleY": 1,
    "_position": {
      "__type__": "cc.Vec2",
      "x": -30.1,
      "y": 25
    },
    "_skewX": 0,
    "_skewY": 0,
    "_localZOrder": 0,
    "_globalZOrder": 0,
    "_tag": -1,
    "_opacityModifyRGB": false,
    "_id": "",
    "_active": true,
    "_components": [
      {
        "__id__": 7
      }
    ],
    "_prefab": {
      "__id__": 8
    },
    "groupIndex": 0
  },
  {
    "__type__": "cc.Sprite",
    "_name": "",
    "_objFlags": 0,
    "node": {
      "__id__": 6
    },
    "_enabled": true,
    "_spriteFrame": {
      "__uuid__": "d095d153-499a-4439-9b03-b605f8f851e2"
    },
    "_type": 0,
    "_sizeMode": 1,
    "_fillType": 0,
    "_fillCenter": {
      "__type__": "cc.Vec2",
      "x": 0,
      "y": 0
    },
    "_fillStart": 0,
    "_fillRange": 0,
    "_isTrimmedMode": true,
    "_srcBlendFactor": 770,
    "_dstBlendFactor": 771,
    "_atlas": {
      "__uuid__": "59177601-e6e9-4f2d-bf46-644f1a2c7faa"
    }
  },
  {
    "__type__": "cc.PrefabInfo",
    "root": {
      "__id__": 1
    },
    "asset": {
      "__uuid__": "1be1ace3-b9b3-4bf4-9c45-5c1d9eccac08"
    },
    "fileId": "738bahxsPNOe4x+BXK2cci2",
    "sync": false
  },
  {
    "__type__": "cc.Node",
    "_name": "point",
    "_objFlags": 0,
    "_opacity": 255,
    "_color": {
      "__type__": "cc.Color",
      "r": 202,
      "g": 5,
      "b": 5,
      "a": 255
    },
    "_cascadeOpacityEnabled": true,
    "_parent": {
      "__id__": 1
    },
    "_anchorPoint": {
      "__type__": "cc.Vec2",
      "x": 0.5,
      "y": 0.5
    },
    "_contentSize": {
      "__type__": "cc.Size",
      "width": 12.8,
      "height": 16
    },
    "_children": [],
    "_rotationX": 0,
    "_rotationY": 0,
    "_scaleX": 1,
    "_scaleY": 1,
    "_position": {
      "__type__": "cc.Vec2",
      "x": -30.1,
      "y": 48
    },
    "_skewX": 0,
    "_skewY": 0,
    "_localZOrder": 0,
    "_globalZOrder": 0,
    "_tag": -1,
    "_opacityModifyRGB": false,
    "_id": "",
    "_active": true,
    "_components": [
      {
        "__id__": 10
      }
    ],
    "_prefab": {
      "__id__": 11
    },
    "groupIndex": 0
  },
  {
    "__type__": "cc.Label",
    "_name": "",
    "_objFlags": 0,
    "node": {
      "__id__": 9
    },
    "_enabled": true,
    "_useOriginalSize": false,
    "_actualFontSize": 20,
    "_fontSize": 20,
    "_lineHeight": 40,
    "_enableWrapText": true,
    "_N$file": {
      "__uuid__": "c2977d0b-345f-4f7b-8bc8-ace37324e34e"
    },
    "_isSystemFontUsed": false,
    "_N$string": "A",
    "_N$horizontalAlign": 1,
    "_N$verticalAlign": 1,
    "_N$overflow": 0
  },
  {
    "__type__": "cc.PrefabInfo",
    "root": {
      "__id__": 1
    },
    "asset": {
      "__uuid__": "1be1ace3-b9b3-4bf4-9c45-5c1d9eccac08"
    },
    "fileId": "9f8a7UV0FNPybi0mZeyEeX3",
    "sync": false
  },
  {
    "__type__": "cc.Sprite",
    "_name": "",
    "_objFlags": 0,
    "node": {
      "__id__": 1
    },
    "_enabled": true,
    "_spriteFrame": {
      "__uuid__": "6ee6b8f4-694d-433a-9bc7-64668075b38c"
    },
    "_type": 0,
    "_sizeMode": 1,
    "_fillType": 0,
    "_fillCenter": {
      "__type__": "cc.Vec2",
      "x": 0,
      "y": 0
    },
    "_fillStart": 0,
    "_fillRange": 0,
    "_isTrimmedMode": true,
    "_srcBlendFactor": 770,
    "_dstBlendFactor": 771,
    "_atlas": {
      "__uuid__": "59177601-e6e9-4f2d-bf46-644f1a2c7faa"
    }
  },
  {
    "__type__": "ab67e5QkiVCBZ3DIMlWhiAt",
    "_name": "",
    "_objFlags": 0,
    "node": {
      "__id__": 1
    },
    "_enabled": true,
    "point": {
      "__id__": 10
    },
    "suit": {
      "__id__": 7
    },
    "mainPic": {
      "__id__": 3
    },
    "cardBG": {
      "__id__": 12
    },
    "redTextColor": {
      "__type__": "cc.Color",
      "r": 192,
      "g": 30,
      "b": 46,
      "a": 255
    },
    "blackTextColor": {
      "__type__": "cc.Color",
      "r": 43,
      "g": 43,
      "b": 43,
      "a": 255
    },
    "texFrontBG": {
      "__uuid__": "6ee6b8f4-694d-433a-9bc7-64668075b38c"
    },
    "texBackBG": {
      "__uuid__": "13cfdbce-9ef3-46c8-8cfc-811b0d213502"
    },
    "texFaces": [
      {
        "__uuid__": "615b865a-6b58-4a8e-b7ed-85d506f01c7e"
      },
      {
        "__uuid__": "55c12d39-5e1e-4bc1-b5ae-2577334f7a5f"
      },
      {
        "__uuid__": "0b810e03-d981-4426-b564-e2126e7b2c80"
      }
    ],
    "texSuitBig": [
      {
        "__uuid__": "9f1eb1c3-ba80-4b5f-a2d8-27e22d201032"
      },
      {
        "__uuid__": "79a5a8e3-959b-4a1f-b013-27e3470ab807"
      },
      {
        "__uuid__": "bd0be832-627c-4f80-8d05-0cd8f476eccc"
      },
      {
        "__uuid__": "793a8db7-34d4-46d8-8a7c-b0958eb40d5b"
      }
    ],
    "texSuitSmall": [
      {
        "__uuid__": "b4079510-04de-41f3-9d43-88d0c9863d2b"
      },
      {
        "__uuid__": "5c56fa41-98cf-4029-9175-afea0f192736"
      },
      {
        "__uuid__": "0dba8650-689d-4316-a1f9-4d25111c9573"
      },
      {
        "__uuid__": "d095d153-499a-4439-9b03-b605f8f851e2"
      }
    ]
  },
  {
    "__type__": "cc.PrefabInfo",
    "root": {
      "__id__": 1
    },
    "asset": {
      "__uuid__": "1be1ace3-b9b3-4bf4-9c45-5c1d9eccac08"
    },
    "fileId": "6cf40woUUxPdotWSb+I7z/R",
    "sync": false
  }
]