{
  "__type__": "cc.SpriteAtlas",
  "_name": "card.plist",
  "_objFlags": 0,
  "_rawFiles": null,
  "_spriteFrames": {
    "fangkuai_big": {
      "__uuid__": "793a8db7-34d4-46d8-8a7c-b0958eb40d5b"
    },
    "fangkuai_small": {
      "__uuid__": "d095d153-499a-4439-9b03-b605f8f851e2"
    },
    "heimei_big": {
      "__uuid__": "bd0be832-627c-4f80-8d05-0cd8f476eccc"
    },
    "heimei_small": {
      "__uuid__": "0dba8650-689d-4316-a1f9-4d25111c9573"
    },
    "heitao_big": {
      "__uuid__": "9f1eb1c3-ba80-4b5f-a2d8-27e22d201032"
    },
    "heitao_small": {
      "__uuid__": "b4079510-04de-41f3-9d43-88d0c9863d2b"
    },
    "hongtao_big": {
      "__uuid__": "79a5a8e3-959b-4a1f-b013-27e3470ab807"
    },
    "hongtao_small": {
      "__uuid__": "5c56fa41-98cf-4029-9175-afea0f192736"
    },
    "king": {
      "__uuid__": "0b810e03-d981-4426-b564-e2126e7b2c80"
    },
    "kueen": {
      "__uuid__": "55c12d39-5e1e-4bc1-b5ae-2577334f7a5f"
    },
    "poker_bg": {
      "__uuid__": "6ee6b8f4-694d-433a-9bc7-64668075b38c"
    },
    "poker_dipai": {
      "__uuid__": "13cfdbce-9ef3-46c8-8cfc-811b0d213502"
    },
    "ranker": {
      "__uuid__": "615b865a-6b58-4a8e-b7ed-85d506f01c7e"
    }
  }
}