{"css":"","framework":"duck-11.6.0","title":"Aide Apple Configurator","build_id":"5bda1cbb0946224f33e180b7","quick_links":[],"icon":"..\/GlobalArt\/AppIconDefault_Configurator.png","sections":{"cad1423e8e":{"name":"Gestion automatisée des appareils","children":["cad935fc6678","cad5b401e306","cade0f4df56f","cad856a8ea58"]},"apd929fa442b":{"name":"Utiliser des profils de configuration","children":["cadbf9de27","pmd85719196"]},"cad3873bbf9":{"name":"Modifier les réglages d’appareil","children":["cad9d4b2211e","cad789a3f0bd","cadbf9c2a0","cadbf9b61c","apdac704e5e436d4","cadbf9b585"]},"cad3870d5c7":{"name":"À propos d’Apple Configurator","children":["cadf1802aed","cadbf9a73b","cadba54b43cf","cad35876148"]},"apdac704e5e436d4":{"name":"Options avancées","children":["cad51dc073ab","cadbf9c172","cad367dc4593","cad8cb745a89","cad20618e8a5","apd647013cbb","apdc9f8f1265"]},"cad3ff2c171c":{"name":"Organiser les appareils","children":["cadbf9b74a","cadc8bdcae2","cad382675275"]},"cade3f74fb5":{"name":"Préparer des appareils","children":["cade8b212c76","apd9e4f64088","cad99bc2a859","cadf4637b47e","cada1ba9dab1","apdebea5be51","apd0020c3dc2"]},"cadbf9c9d6":{"name":"Distribuer des apps et des livres","children":["cadeff1b0be8","cad451d02ef","cadbf9c811","cad525c10b6","cad88542d224","cadeaa4649f2","cadbf9c93f","apdfa969542e","cadbf9cc10"]}},"birdseed_version":5,"toc":["cad3870d5c7","cad3873bbf9","cad3ff2c171c","cade3f74fb5","cadbf9c9d6","cad1423e8e","apd929fa442b","apdd02324d83"],"locale":"fr","version":"2.8.2","source_schema":"apd-schema","enable_tracking":false,"platform":"mac","build_date":"2018.10.31-14:22:51","landing":"cad3869a333","product":"configurator","urls":{},"copyright":"","show_previous_next":false,"topics":{"cada1ba9dab1":{"name":"Préparation de dispositifs Apple TV"},"apd9e4f64088":{"name":"À propos des appareils supervisés"},"cad67d80cfc5":{"name":"payload","categories":["aside"]},"cad856a8ea58":{"name":"Installer l’outil en ligne de commande d’Apple Configurator"},"cade0f4df56f":{"name":"Utiliser les actions Apple Configurator Automator"},"apd0020c3dc2":{"name":"Restaurer des ordinateurs portable Apple dotés de la puce de sécurité Apple T2"},"cad8BE0979F":{"name":"À propos du navigateur de structure"},"cadEB2BAA11":{"name":"Gérer les sauvegardes d’appareils"},"cad3869a333":{"name":"Aide Apple Configurator","href":"cad3869a333.html","categories":["landing"]},"cadbf9de27":{"name":"Ajouter ou supprimer des profils de configuration"},"cad4CD08C03":{"name":"Ajouter des applications"},"apdc9f8f1265":{"name":"Éteindre un appareil"},"cadf18023000":{"name":"Affecter à une entreprise"},"cadbf9c2a0":{"name":"Modifier les informations sur les appareils"},"cad35db7956b":{"name":"Faire migrer les réglages dans des structures"},"cadB67FCD4F":{"name":"Ajouter les profils de configuration"},"cad201AF5F4":{"name":"Inscrire auprès d’un serveur MDM"},"cad801ee9c31":{"name":"Générer ou choisir une identité de supervision"},"cadbf9b61c":{"name":"Sauvegarder et restaurer des appareils"},"cadbf9cc10":{"name":"Vérifier ou récupérer des documents"},"cadf65457261":{"name":"À propos du programme d’achats en volume"},"cad0118F840":{"name":"À propos du navigateur d’appareil","href":"cad0118F840.html"},"cadc8bdcae2":{"name":"Afficher ou exporter les informations de l’appareil"},"cad07f00ba66":{"name":"Faire migrer les éléments d’Apple Configurator 1.x"},"cadCA7F62A1":{"name":"Afficher les informations sur la structure"},"cad67d80cfc6":{"name":"backup","categories":["aside"]},"cad029394f93":{"name":"restore","categories":["aside"]},"cadbf9a73b":{"name":"Configuration requise"},"cad88542d224":{"name":"Afficher les attributions VPP"},"cad331FBA40":{"name":"Préférences Général"},"cadbf9b74a":{"name":"Organiser les appareils en groupes"},"cadeff1b0be8":{"name":"Vue d’ensemble"},"cad367dc4593":{"name":"Relancer un appareil"},"cad382675275":{"name":"Trier les appareils"},"cad386d6745":{"name":"configuration profile","categories":["aside"]},"cadF6A58F82":{"name":"Préférences du serveur de gestion des appareils mobiles"},"cad5b401e306":{"name":"À propos des structures"},"cad24f188539":{"name":"Afficher les informations sur l’appareil","href":"cad24f188539.html"},"cad8cb745a89":{"name":"Effacer l’intégralité du contenu et des réglages"},"pmd85719196":{"name":"Créer et modifier des profils de configuration"},"cad451d02ef":{"name":"Ajouter des éléments aux appareils"},"cad386d5f24":{"name":"supervised device","categories":["aside"]},"cad525c10b6":{"name":"Ajouter des applications"},"cadeaa4649f2":{"name":"Retirer les attributions VPP"},"cad3847ED99S":{"name":"Ajouter les profils de configuration"},"cade8b212c76":{"name":"Vue d’ensemble"},"cad4BD2F08":{"name":"Restaurer à partir d’une sauvegarde"},"cad20618e8a5":{"name":"Utiliser des sauvegardes chiffrées"},"cad55642da38":{"name":"identity","categories":["aside"]},"cadf1802aed":{"name":"Vue d’ensemble"},"cad872129c58":{"name":"Créer une entreprise"},"cad4e7c25202":{"name":"Restrictions disponibles pour les appareils supervisés"},"cad99bc2a859":{"name":"Préparer les appareils manuellement"},"cad9d4b2211e":{"name":"Connecter les appareils"},"apdebea5be51":{"name":"Restaurer des ordinateurs de bureau Apple dotés de la puce de sécurité Apple T2"},"cadD19C7F58A7A":{"name":"Ajouter des applications"},"cad5b6e3ebf2":{"name":"settings","categories":["aside"]},"cad935fc6678":{"name":"Vue d’ensemble"},"cadbf9c93f":{"name":"Ajouter des documents"},"cadef0665e3d":{"name":"Profil d’inscription automatisé"},"cadC5A826C7":{"name":"Écrans de l’Assistant réglages"},"cadbf9c172":{"name":"Utiliser le mode App individuelle"},"apdfa969542e":{"name":"Ajouter des éléments aux livres"},"cad136c7ad1":{"name":"Compte App Store"},"cad789a3f0bd":{"name":"Mettre à jour les appareils"},"apdd02324d83":{"name":"Réglages MDM"},"cadbf9b585":{"name":"Arrêter de superviser les appareils"},"cadE65ABDCD":{"name":"Préférences d’entreprise"},"cadb1d640325":{"name":"Fonctionnalités du mode App individuelle"},"cadbf9c811":{"name":"Utiliser la distribution gérée"},"cad870c97ab9":{"name":"Remplir les informations sur l’entreprise"},"cade560bac0e":{"name":"Erreurs d’attribution par app"},"cad386d5e07":{"name":"unsupervised device","categories":["aside"]},"cadCA38D79A":{"name":"Utiliser les étiquettes"},"cad4405b63fd":{"name":"À propos des identités"},"cad300fdbde9":{"name":"Informations d’authentification d’inscription automatisé"},"apd647013cbb":{"name":"Redémarrer un appareil"},"cad35876148":{"name":"Afficher la console d’appareil","href":"cad35876148.html","summary":"Affichez les fichiers d’historique d’Apple Configurator."},"cadf4637b47e":{"name":"Préparer les appareils par le biais de l’inscription automatisée"},"cadba54b43cf":{"name":"Afficher l’activité"},"cad51dc073ab":{"name":"Gérer les jetons et les codes"},"cad828dd670e":{"name":"mobile device management (MDM)","categories":["aside"]}},"copyright_text":"Copyright © 2018 Apple Inc. Tous droits réservés."}