{
  "build_date": "2015-03-27T02:31:28.820Z",
  "build_id": "5514c08909462227778bb817",
  "locale": "en",
  "landing": "welcome",
  "toc": [
    "welcome",
    "more_info",
    "apps",
    "profiles",
    "wallpaper",
    "prepare",
    "search",
    "blueprints",
    "outro"
  ],
  "topics": {
    "welcome": {
      "name": "Welcome to Apple Configurator.",
      "href": "welcome.html"
    },
    "more_info": {
      "name": "Get more info.",
      "href": "more_info.html"
    },
    "apps": {
      "name": "Apps.",
      "href": "apps.html"
    },
    "profiles": {
      "name": "Create profiles.",
      "href": "profiles.html"
    },
    "wallpaper": {
      "name": "Wallpaper.",
      "href": "wallpaper.html"
    },
    "prepare": {
      "name": "Prepare.",
      "href": "prepare.html"
    },
    "search": {
      "name": "Search, tag, and favorite",
      "href": "search.html"
    },
    "blueprints": {
      "name": "Blueprints.",
      "href": "blueprints.html"
    },
    "outro": {
      "name": "Apple Configurator 2",
      "href": "outro.html"
    }
  },
  "framework": "albatross-0.1.7",
  "source_schema": "albatross",
  "enable_tracking": false,
  "icon": "",
  "sections": {},
  "urls": {},
  "copyright": "",
  "design": "custom",
  "birdseed_version": 3,
  "title": "Apple Configurator 2",
  "css": "configurator.css",
  "product": "configurator-qt",
  "platform": "mac",
  "version": "1.0"
}