{"css":"","framework":"duck-11.6.0","title":"Apple Configurator Help","build_id":"5bda1cba0946222c0fe185a5","quick_links":[],"icon":"..\/GlobalArt\/AppIconDefault_Configurator.png","sections":{"cad1423e8e":{"name":"Apparaatbeheer automatiseren","children":["cad935fc6678","cad5b401e306","cade0f4df56f","cad856a8ea58"]},"apd929fa442b":{"name":"Werken met configuratieprofielen","children":["cadbf9de27","pmd85719196"]},"cad3873bbf9":{"name":"Apparaatinstellingen wijzigen","children":["cad9d4b2211e","cad789a3f0bd","cadbf9c2a0","cadbf9b61c","apdac704e5e436d4","cadbf9b585"]},"cad3870d5c7":{"name":"Over Apple Configurator","children":["cadf1802aed","cadbf9a73b","cadba54b43cf","cad35876148"]},"apdac704e5e436d4":{"name":"Geavanceerde opties","children":["cad51dc073ab","cadbf9c172","cad367dc4593","cad8cb745a89","cad20618e8a5","apd647013cbb","apdc9f8f1265"]},"cad3ff2c171c":{"name":"Apparaten indelen","children":["cadbf9b74a","cadc8bdcae2","cad382675275"]},"cade3f74fb5":{"name":"Apparaten voorbereiden","children":["cade8b212c76","apd9e4f64088","cad99bc2a859","cadf4637b47e","cada1ba9dab1","apdebea5be51","apd0020c3dc2"]},"cadbf9c9d6":{"name":"Apps en boeken distribueren","children":["cadeff1b0be8","cad451d02ef","cadbf9c811","cad525c10b6","cad88542d224","cadeaa4649f2","cadbf9c93f","apdfa969542e","cadbf9cc10"]}},"birdseed_version":5,"toc":["cad3870d5c7","cad3873bbf9","cad3ff2c171c","cade3f74fb5","cadbf9c9d6","cad1423e8e","apd929fa442b","apdd02324d83"],"locale":"nl","version":"2.8.2","source_schema":"apd-schema","enable_tracking":false,"platform":"mac","build_date":"2018.10.31-14:23:07","landing":"cad3869a333","product":"configurator","urls":{},"copyright":"","show_previous_next":false,"topics":{"cada1ba9dab1":{"name":"Apple TV-apparaten voorbereiden"},"apd9e4f64088":{"name":"Informatie over beheerde apparaten"},"cad67d80cfc5":{"name":"payload","categories":["aside"]},"cad856a8ea58":{"name":"De commandoregeltool voor Apple Configurator installeren"},"cade0f4df56f":{"name":"Automator-taken gebruiken voor Apple Configurator"},"apd0020c3dc2":{"name":"Draagbare Apple computers herstellen die voorzien zijn van de Apple T2 Security-chip"},"cad8BE0979F":{"name":"Over de blauwdrukkiezer"},"cadEB2BAA11":{"name":"Reservekopieën van apparaten beheren"},"cad3869a333":{"name":"Apple Configurator Help","href":"cad3869a333.html","categories":["landing"]},"cadbf9de27":{"name":"Configuratieprofielen toevoegen of verwijderen"},"cad4CD08C03":{"name":"Apps toevoegen"},"apdc9f8f1265":{"name":"Een apparaat uitzetten"},"cadf18023000":{"name":"Toekennen aan een organisatie"},"cadbf9c2a0":{"name":"Apparaatgegevens wijzigen"},"cad35db7956b":{"name":"Instellingen naar blauwdrukken migreren"},"cadB67FCD4F":{"name":"Configuratieprofielen toevoegen"},"cad201AF5F4":{"name":"Inschrijven bij een MDM-server"},"cad801ee9c31":{"name":"Een beheeridentiteit genereren of kiezen"},"cadbf9b61c":{"name":"Een reservekopie van apparaten maken en terugzetten"},"cadbf9cc10":{"name":"Documenten bekijken of ophalen"},"cadf65457261":{"name":"Informatie over het Volume Purchase Program"},"cad0118F840":{"name":"Over de apparaatkiezer","href":"cad0118F840.html"},"cadc8bdcae2":{"name":"Apparaatgegevens weergeven of exporteren"},"cad07f00ba66":{"name":"Onderdelen van Apple Configurator 1.x migreren"},"cadCA7F62A1":{"name":"Blauwdrukinformatie bekijken"},"cad67d80cfc6":{"name":"backup","categories":["aside"]},"cad029394f93":{"name":"restore","categories":["aside"]},"cadbf9a73b":{"name":"Vereisten"},"cad88542d224":{"name":"VPP-toewijzingen bekijken"},"cad331FBA40":{"name":"Algemene voorkeuren"},"cadbf9b74a":{"name":"Apparaten indelen in groepen"},"cadeff1b0be8":{"name":"Overzicht"},"cad367dc4593":{"name":"Een apparaat reactiveren"},"cad382675275":{"name":"Apparaten sorteren"},"cad386d6745":{"name":"configuration profile","categories":["aside"]},"cadF6A58F82":{"name":"Voorkeuren voor MDM-servers"},"cad5b401e306":{"name":"Informatie over blauwdrukken"},"cad24f188539":{"name":"Apparaatgegevens bekijken","href":"cad24f188539.html"},"cad8cb745a89":{"name":"Alle inhoud en instellingen wissen"},"pmd85719196":{"name":"Configuratieprofielen aanmaken en wijzigen"},"cad451d02ef":{"name":"Onderdelen aan apparaten toevoegen"},"cad386d5f24":{"name":"supervised device","categories":["aside"]},"cad525c10b6":{"name":"Apps toevoegen"},"cadeaa4649f2":{"name":"VPP-toewijzingen intrekken"},"cad3847ED99S":{"name":"Configuratieprofielen toevoegen"},"cade8b212c76":{"name":"Overzicht"},"cad4BD2F08":{"name":"Terugzetten vanaf reservekopie"},"cad20618e8a5":{"name":"Gecodeerde reservekopieën gebruiken"},"cad55642da38":{"name":"identity","categories":["aside"]},"cadf1802aed":{"name":"Overzicht"},"cad872129c58":{"name":"Een organisatie aanmaken"},"cad4e7c25202":{"name":"Beperkingen voor beheerde apparaten"},"cad99bc2a859":{"name":"Apparaten handmatig voorbereiden"},"cad9d4b2211e":{"name":"Apparaten aansluiten"},"apdebea5be51":{"name":"Apple desktopcomputers herstellen die voorzien zijn van de Apple T2 Security-chip"},"cadD19C7F58A7A":{"name":"Apps toevoegen"},"cad5b6e3ebf2":{"name":"settings","categories":["aside"]},"cad935fc6678":{"name":"Overzicht"},"cadbf9c93f":{"name":"Documenten toevoegen"},"cadef0665e3d":{"name":"Automatisch inschrijvingsprofiel"},"cadC5A826C7":{"name":"Schermen van de configuratie-assistent"},"cadbf9c172":{"name":"Eén-app-modus gebruiken"},"apdfa969542e":{"name":"Onderdelen aan Boeken toevoegen"},"cad136c7ad1":{"name":"App Store-account"},"cad789a3f0bd":{"name":"Apparaten bijwerken"},"apdd02324d83":{"name":"MDM-instellingen"},"cadbf9b585":{"name":"Beheer van apparaten opheffen"},"cadE65ABDCD":{"name":"Organisatievoorkeuren"},"cadb1d640325":{"name":"Functies van de één-app-modus"},"cadbf9c811":{"name":"Beheerde distributie gebruiken"},"cad870c97ab9":{"name":"De gegevens van uw organisatie invullen"},"cade560bac0e":{"name":"Fouten bij het toewijzen van apps"},"cad386d5e07":{"name":"unsupervised device","categories":["aside"]},"cadCA38D79A":{"name":"Tags gebruiken"},"cad4405b63fd":{"name":"Over identiteiten"},"cad300fdbde9":{"name":"Automatische inschrijvingsgegevens"},"apd647013cbb":{"name":"Een apparaat opnieuw opstarten"},"cad35876148":{"name":"De apparaatconsole weergeven","href":"cad35876148.html","summary":"U kunt apparaatlogbestanden van Apple Configurator bekijken."},"cadf4637b47e":{"name":"Apparaten voorbereiden met automatische inschrijving"},"cadba54b43cf":{"name":"Activiteit weergeven"},"cad51dc073ab":{"name":"Tokens en toegangscodes beheren"},"cad828dd670e":{"name":"mobile device management (MDM)","categories":["aside"]}},"copyright_text":"Copyright © 2018 Apple Inc. Alle rechten voorbehouden."}