{"css":"","framework":"duck-11.6.0","title":"Apple Configurator-Hilfe","build_id":"5bda1cb90946224f33e180b1","quick_links":[],"icon":"..\/GlobalArt\/AppIconDefault_Configurator.png","sections":{"cad1423e8e":{"name":"Automatisieren der Geräteverwaltung","children":["cad935fc6678","cad5b401e306","cade0f4df56f","cad856a8ea58"]},"apd929fa442b":{"name":"Verwenden von Konfigurationsprofilen","children":["cadbf9de27","pmd85719196"]},"cad3873bbf9":{"name":"Ändern der Geräteeinstellungen","children":["cad9d4b2211e","cad789a3f0bd","cadbf9c2a0","cadbf9b61c","apdac704e5e436d4","cadbf9b585"]},"cad3870d5c7":{"name":"Apple Configurator","children":["cadf1802aed","cadbf9a73b","cadba54b43cf","cad35876148"]},"apdac704e5e436d4":{"name":"Erweiterte Optionen","children":["cad51dc073ab","cadbf9c172","cad367dc4593","cad8cb745a89","cad20618e8a5","apd647013cbb","apdc9f8f1265"]},"cad3ff2c171c":{"name":"Verwalten von Geräten","children":["cadbf9b74a","cadc8bdcae2","cad382675275"]},"cade3f74fb5":{"name":"Vorbereiten von Geräten","children":["cade8b212c76","apd9e4f64088","cad99bc2a859","cadf4637b47e","cada1ba9dab1","apdebea5be51","apd0020c3dc2"]},"cadbf9c9d6":{"name":"Verteilen von Apps und Büchern","children":["cadeff1b0be8","cad451d02ef","cadbf9c811","cad525c10b6","cad88542d224","cadeaa4649f2","cadbf9c93f","apdfa969542e","cadbf9cc10"]}},"birdseed_version":5,"toc":["cad3870d5c7","cad3873bbf9","cad3ff2c171c","cade3f74fb5","cadbf9c9d6","cad1423e8e","apd929fa442b","apdd02324d83"],"locale":"de","version":"2.8.2","source_schema":"apd-schema","enable_tracking":false,"platform":"mac","build_date":"2018.10.31-14:23:00","landing":"cad3869a333","product":"configurator","urls":{},"copyright":"","show_previous_next":false,"topics":{"cada1ba9dab1":{"name":"Vorbereiten von Apple TV-Geräten"},"apd9e4f64088":{"name":"Über betreute Geräte"},"cad67d80cfc5":{"name":"payload","categories":["aside"]},"cad856a8ea58":{"name":"Installieren der Apple Configurator-Befehlszeile"},"cade0f4df56f":{"name":"Verwenden von Automator-Aktionen für Apple Configurator"},"apd0020c3dc2":{"name":"Wiederherstellen von Apple-Mobilcomputern, die den Apple-T2-Sicherheitschip besitzen"},"cad8BE0979F":{"name":"Über die Entwurfsübersicht"},"cadEB2BAA11":{"name":"Verwalten von Geräte-Backups"},"cad3869a333":{"name":"Apple Configurator-Hilfe","href":"cad3869a333.html","categories":["landing"]},"cadbf9de27":{"name":"Hinzufügen oder Entfernen von Konfigurationsprofilen"},"cad4CD08C03":{"name":"Hinzufügen von Apps"},"apdc9f8f1265":{"name":"Gerät herunterfahren"},"cadf18023000":{"name":"Zuweisen zu einer Organisation"},"cadbf9c2a0":{"name":"Ändern von Geräteinformationen"},"cad35db7956b":{"name":"Migrieren von Einstellungen in Entwürfe"},"cadB67FCD4F":{"name":"Konfigurationsprofile hinzufügen"},"cad201AF5F4":{"name":"Registrieren bei einem MDM-Server"},"cad801ee9c31":{"name":"Erstellen oder Auswählen einer Betreuungsidentität"},"cadbf9b61c":{"name":"Sichern und Wiederherstellen von Geräten"},"cadbf9cc10":{"name":"Prüfen oder Abrufen von Dokumenten"},"cadf65457261":{"name":"Über das Volume Purchase Program (VPP)"},"cad0118F840":{"name":"Über die Geräteübersicht","href":"cad0118F840.html"},"cadc8bdcae2":{"name":"Anzeigen oder Exportieren von Geräteinformationen"},"cad07f00ba66":{"name":"Migrieren von Apple Configurator 1.x-Objekten"},"cadCA7F62A1":{"name":"Anzeigen von Entwurfsinformationen"},"cad67d80cfc6":{"name":"backup","categories":["aside"]},"cad029394f93":{"name":"restore","categories":["aside"]},"cadbf9a73b":{"name":"Voraussetzungen"},"cad88542d224":{"name":"Anzeigen von VPP-Zuweisungen"},"cad331FBA40":{"name":"Bereich „Allgemein“"},"cadbf9b74a":{"name":"Verwalten von Geräten in Gruppen"},"cadeff1b0be8":{"name":"Übersicht"},"cad367dc4593":{"name":"Entfernen von Geräten"},"cad382675275":{"name":"Sortieren von Geräten"},"cad386d6745":{"name":"configuration profile","categories":["aside"]},"cadF6A58F82":{"name":"Einstellungen eines MDM-Servers"},"cad5b401e306":{"name":"Über Entwürfe"},"cad24f188539":{"name":"Anzeigen von Geräteinformationen","href":"cad24f188539.html"},"cad8cb745a89":{"name":"Löschen von Inhalten & Einstellungen"},"pmd85719196":{"name":"Erstellen und Bearbeiten von Konfigurationsprofilen"},"cad451d02ef":{"name":"Hinzufügen von Objekten zu Geräten"},"cad386d5f24":{"name":"supervised device","categories":["aside"]},"cad525c10b6":{"name":"Hinzufügen von Apps"},"cadeaa4649f2":{"name":"Widerrufen von VPP-Zuweisungen"},"cad3847ED99S":{"name":"Hinzufügen von Konfigurationsprofilen"},"cade8b212c76":{"name":"Übersicht"},"cad4BD2F08":{"name":"Wiederherstellen aus einem Backup"},"cad20618e8a5":{"name":"Verwenden verschlüsselter Backups"},"cad55642da38":{"name":"identity","categories":["aside"]},"cadf1802aed":{"name":"Übersicht"},"cad872129c58":{"name":"Erstellen einer Organisation"},"cad4e7c25202":{"name":"Verfügbare Einschränkungen für betreute Geräte"},"cad99bc2a859":{"name":"Manuelles Vorbereiten von Geräten"},"cad9d4b2211e":{"name":"Verbinden von Geräten"},"apdebea5be51":{"name":"Wiederherstellen von Apple-Desktopcomputern, die den Apple-T2-Sicherheitschip besitzen"},"cadD19C7F58A7A":{"name":"Hinzufügen von Apps"},"cad5b6e3ebf2":{"name":"settings","categories":["aside"]},"cad935fc6678":{"name":"Übersicht"},"cadbf9c93f":{"name":"Hinzufügen von Dokumenten"},"cadef0665e3d":{"name":"Automatisiertes Registrierungsprofil"},"cadC5A826C7":{"name":"Bildschirmanzeigen des Systemassistenten"},"cadbf9c172":{"name":"Verwenden des Einzel-App-Modus"},"apdfa969542e":{"name":"Hinzufügen von Objekten zu Books"},"cad136c7ad1":{"name":"App Store-Account"},"cad789a3f0bd":{"name":"Aktualisieren von Geräten"},"apdd02324d83":{"name":"MDM-Einstellungen"},"cadbf9b585":{"name":"Beenden der Betreuung von Geräten"},"cadE65ABDCD":{"name":"Einstellungen für Organisationen"},"cadb1d640325":{"name":"Funktionen des Einzel-App-Modus"},"cadbf9c811":{"name":"Verwenden der Verwalteten Verteilung"},"cad870c97ab9":{"name":"Ausfüllen der Informationen Ihrer Organisation"},"cade560bac0e":{"name":"Appbasierte Zuweisungsfehler"},"cad386d5e07":{"name":"unsupervised device","categories":["aside"]},"cadCA38D79A":{"name":"Verwenden von Tags"},"cad4405b63fd":{"name":"Über Identitäten"},"cad300fdbde9":{"name":"Automatisierte Registrierungsinformationen"},"apd647013cbb":{"name":"Gerät neu starten"},"cad35876148":{"name":"Anzeigen der Gerätekonsole","href":"cad35876148.html","summary":"Zeigen Sie die Geräteprotokolldateien von Apple Configurator an."},"cadf4637b47e":{"name":"Vorbereiten von Geräten mithilfe der automatischen Registrierung"},"cadba54b43cf":{"name":"Anzeigen von Aktivitäten"},"cad51dc073ab":{"name":"Verwalten von Token und Codes"},"cad828dd670e":{"name":"mobile device management (MDM)","categories":["aside"]}},"copyright_text":"Copyright © 2018 Apple Inc. Alle Rechte vorbehalten."}