{
  "item-states": [
    {
      "folded": false,
      "id": "mount-assets"
    },
    {
      "folded": true,
      "id": "cefd8f06-3eb5-41e5-af3c-1147d9d5aba5"
    },
    {
      "folded": false,
      "id": "17aaf243-c23c-4a12-903c-cb218f4ae3ba"
    },
    {
      "folded": true,
      "id": "9d4a61c1-bf1d-4b3b-b022-425be2d046a1"
    },
    {
      "folded": true,
      "id": "48392dcc-fade-43ea-a721-964c1186e1c0"
    },
    {
      "folded": true,
      "id": "38ba4fa0-b30e-497c-8bcb-a81d10074a47"
    },
    {
      "folded": true,
      "id": "8c9573d1-a701-47ad-997d-f8e9cd80cab6"
    },
    {
      "folded": true,
      "id": "beb446b3-9536-4dab-adb2-83e45eb4099d"
    },
    {
      "folded": true,
      "id": "d959625d-5dc3-48cc-abc9-518202e379b5"
    },
    {
      "folded": true,
      "id": "0e9af949-63a2-4277-a03c-a12d238c536a"
    },
    {
      "folded": true,
      "id": "3bf9efd8-a844-4caf-a660-3cf3f1725299"
    },
    {
      "folded": true,
      "id": "fb7a2396-1737-4602-9eb9-f8869516c953"
    },
    {
      "folded": true,
      "id": "e400bd24-6476-4899-b2fd-d7b39823b9a8"
    },
    {
      "folded": true,
      "id": "aa104c72-34b4-42e4-9e7a-e8e9c3c970bd"
    },
    {
      "folded": true,
      "id": "5db7ac08-31fb-4c0c-a08a-f75e29d2e7b9"
    }
  ]
}