{"css":"","framework":"duck-11.6.0","title":"Ayuda de Apple Configurator","build_id":"5bda1cbb0946222c0fe185ab","quick_links":[],"icon":"..\/GlobalArt\/AppIconDefault_Configurator.png","sections":{"cad1423e8e":{"name":"Automatizar gestión de dispositivos","children":["cad935fc6678","cad5b401e306","cade0f4df56f","cad856a8ea58"]},"apd929fa442b":{"name":"Usar perfiles de configuración","children":["cadbf9de27","pmd85719196"]},"cad3873bbf9":{"name":"Modificar los ajustes de los dispositivos","children":["cad9d4b2211e","cad789a3f0bd","cadbf9c2a0","cadbf9b61c","apdac704e5e436d4","cadbf9b585"]},"cad3870d5c7":{"name":"Acerca de Apple Configurator","children":["cadf1802aed","cadbf9a73b","cadba54b43cf","cad35876148"]},"apdac704e5e436d4":{"name":"Opciones avanzadas","children":["cad51dc073ab","cadbf9c172","cad367dc4593","cad8cb745a89","cad20618e8a5","apd647013cbb","apdc9f8f1265"]},"cad3ff2c171c":{"name":"Organizar dispositivos","children":["cadbf9b74a","cadc8bdcae2","cad382675275"]},"cade3f74fb5":{"name":"Preparar dispositivos","children":["cade8b212c76","apd9e4f64088","cad99bc2a859","cadf4637b47e","cada1ba9dab1","apdebea5be51","apd0020c3dc2"]},"cadbf9c9d6":{"name":"Distribuir apps y libros","children":["cadeff1b0be8","cad451d02ef","cadbf9c811","cad525c10b6","cad88542d224","cadeaa4649f2","cadbf9c93f","apdfa969542e","cadbf9cc10"]}},"birdseed_version":5,"toc":["cad3870d5c7","cad3873bbf9","cad3ff2c171c","cade3f74fb5","cadbf9c9d6","cad1423e8e","apd929fa442b","apdd02324d83"],"locale":"es","version":"2.8.2","source_schema":"apd-schema","enable_tracking":false,"platform":"mac","build_date":"2018.10.31-14:22:56","landing":"cad3869a333","product":"configurator","urls":{},"copyright":"","show_previous_next":false,"topics":{"cada1ba9dab1":{"name":"Preparar dispositivos Apple TV"},"apd9e4f64088":{"name":"Información acerca de los dispositivos supervisados"},"cad67d80cfc5":{"name":"payload","categories":["aside"]},"cad856a8ea58":{"name":"Instalar la herramienta de línea de comandos de Apple Configurator"},"cade0f4df56f":{"name":"Usar acciones de Automator de Apple Configurator"},"apd0020c3dc2":{"name":"Restaurar ordenadores portátiles de Apple que tienen el chip de seguridad T2 de Apple"},"cad8BE0979F":{"name":"Acerca del explorador de proyectos"},"cadEB2BAA11":{"name":"Gestionar copias de seguridad de los dispositivos"},"cad3869a333":{"name":"Ayuda de Apple Configurator","href":"cad3869a333.html","categories":["landing"]},"cadbf9de27":{"name":"Añadir o eliminar perfiles de configuración"},"cad4CD08C03":{"name":"Añadir apps"},"apdc9f8f1265":{"name":"Apagar un dispositivo"},"cadf18023000":{"name":"Asignar a una organización"},"cadbf9c2a0":{"name":"Modificar información del dispositivo"},"cad35db7956b":{"name":"Migrar ajustes a los proyectos"},"cadB67FCD4F":{"name":"Añadir perfiles de configuración"},"cad201AF5F4":{"name":"Inscribir en un servidor MDM"},"cad801ee9c31":{"name":"Genere o seleccione una identidad de supervisión"},"cadbf9b61c":{"name":"Realizar copia de seguridad de dispositivos y restaurarlos"},"cadbf9cc10":{"name":"Revisar o recuperar documentos"},"cadf65457261":{"name":"Acerca del Programa de compras por volumen"},"cad0118F840":{"name":"Acerca del explorador de dispositivos","href":"cad0118F840.html"},"cadc8bdcae2":{"name":"Ver o exportar información sobre los dispositivos"},"cad07f00ba66":{"name":"Migrar ítems de Apple Configurator 1.x"},"cadCA7F62A1":{"name":"Ver información del proyecto"},"cad67d80cfc6":{"name":"backup","categories":["aside"]},"cad029394f93":{"name":"restore","categories":["aside"]},"cadbf9a73b":{"name":"Requisitos"},"cad88542d224":{"name":"Ver asignaciones del PCV"},"cad331FBA40":{"name":"Preferencias General"},"cadbf9b74a":{"name":"Organizar los dispositivos en grupos"},"cadeff1b0be8":{"name":"Visión general"},"cad367dc4593":{"name":"Restablecer un dispositivo"},"cad382675275":{"name":"Ordenar dispositivos"},"cad386d6745":{"name":"configuration profile","categories":["aside"]},"cadF6A58F82":{"name":"Preferencias del servidor de gestión de dispositivos móviles"},"cad5b401e306":{"name":"Acerca de los proyectos"},"cad24f188539":{"name":"Ver información del dispositivo","href":"cad24f188539.html"},"cad8cb745a89":{"name":"Borrar todo el contenido y ajustes"},"pmd85719196":{"name":"Crear y editar perfiles de configuración"},"cad451d02ef":{"name":"Añadir ítems a los dispositivos"},"cad386d5f24":{"name":"supervised device","categories":["aside"]},"cad525c10b6":{"name":"Añadir aplicaciones"},"cadeaa4649f2":{"name":"Revocar asignaciones del PCV"},"cad3847ED99S":{"name":"Añadir perfiles de configuración"},"cade8b212c76":{"name":"Visión general"},"cad4BD2F08":{"name":"Restaurar copia de seguridad"},"cad20618e8a5":{"name":"Usar copias de seguridad encriptadas"},"cad55642da38":{"name":"identity","categories":["aside"]},"cadf1802aed":{"name":"Visión general"},"cad872129c58":{"name":"Crear una organización"},"cad4e7c25202":{"name":"Restricciones disponibles para dispositivos supervisados"},"cad99bc2a859":{"name":"Preparar dispositivos manualmente"},"cad9d4b2211e":{"name":"Conectar dispositivos"},"apdebea5be51":{"name":"Restaurar ordenadores de escritorio de Apple que tienen el chip de seguridad T2 de Apple"},"cadD19C7F58A7A":{"name":"Añadir aplicaciones"},"cad5b6e3ebf2":{"name":"settings","categories":["aside"]},"cad935fc6678":{"name":"Visión general"},"cadbf9c93f":{"name":"Añadir documentos"},"cadef0665e3d":{"name":"Perfil de inscripción automática"},"cadC5A826C7":{"name":"Pantallas del asistente de configuración"},"cadbf9c172":{"name":"Usar el modo de app única"},"apdfa969542e":{"name":"Añadir ítems a Libros"},"cad136c7ad1":{"name":"Cuenta de la tienda App Store"},"cad789a3f0bd":{"name":"Actualizar dispositivos"},"apdd02324d83":{"name":"Ajustes de MDM"},"cadbf9b585":{"name":"Dejar de supervisar dispositivos"},"cadE65ABDCD":{"name":"Preferencias de organización"},"cadb1d640325":{"name":"Características del modo de aplicación única"},"cadbf9c811":{"name":"Usar distribución gestionada"},"cad870c97ab9":{"name":"Rellene los datos de la organización"},"cade560bac0e":{"name":"Errores de asignación basados en la aplicación"},"cad386d5e07":{"name":"unsupervised device","categories":["aside"]},"cadCA38D79A":{"name":"Usar etiquetas"},"cad4405b63fd":{"name":"Acerca de las identidades"},"cad300fdbde9":{"name":"Credenciales de inscripción automática"},"apd647013cbb":{"name":"Reiniciar un dispositivo"},"cad35876148":{"name":"Ver la consola de dispositivos","href":"cad35876148.html","summary":"Vea los archivos de registro de dispositivo de Apple Configurator."},"cadf4637b47e":{"name":"Preparar dispositivos mediante inscripción automática"},"cadba54b43cf":{"name":"Ver actividad"},"cad51dc073ab":{"name":"Gestionar identificadores y códigos"},"cad828dd670e":{"name":"mobile device management (MDM)","categories":["aside"]}},"copyright_text":"Copyright © 2018 Apple Inc. Todos los derechos reservados."}