{
  "appKey": "",
  "appSecret": "",
  "encryptJs": true,
  "excludeScenes": [],
  "includeAnySDK": false,
  "includeSDKBox": false,
  "inlineSpriteFrames": true,
  "inlineSpriteFrames_native": false,
  "jailbreakPlatform": false,
  "md5Cache": false,
  "mergeStartScene": false,
  "oauthLoginServer": "",
  "optimizeHotUpdate": false,
  "orientation": {
    "landscapeLeft": true,
    "landscapeRight": true,
    "portrait": false,
    "upsideDown": false
  },
  "packageName": "org.cocos2d.game2",
  "privateKey": "",
  "renderMode": "0",
  "startScene": "612c3dcf-209c-41bc-a081-6d760b8ec6ca",
  "title": "game",
  "webOrientation": "auto",
  "wechatgame": {
    "appid": "wx6ac3f5090a6b99c5",
    "orientation": "portrait"
  },
  "xxteaKey": "384ec78a-1d19-44",
  "zipCompressJs": true
}