[{"name":"English (U.S.)","isoName":"English (U.S.)","isoCodes":["en","en-us","en-ca"],"text-direction":"ltr","folder":"en.lproj"},{"name":"Deutsch","isoName":"German","isoCodes":["de"],"text-direction":"ltr","folder":"de.lproj"},{"name":"Español","isoName":"Spanish","isoCodes":["es"],"text-direction":"ltr","folder":"es.lproj"},{"name":"Français","isoName":"French","isoCodes":["fr"],"text-direction":"ltr","folder":"fr.lproj"},{"name":"Italiano","isoName":"Italian","isoCodes":["it"],"text-direction":"ltr","folder":"it.lproj"},{"name":"日本語","isoName":"Japanese","isoCodes":["ja"],"text-direction":"ltr","folder":"ja.lproj"},{"name":"한글","isoName":"Korean","isoCodes":["ko"],"text-direction":"ltr","folder":"ko.lproj"},{"name":"Nederlands","isoName":"Dutch","isoCodes":["nl"],"text-direction":"ltr","folder":"nl.lproj"},{"name":"简体中文","isoName":"Simplified Chinese","isoCodes":["zh-cn","zh-hans","zh"],"text-direction":"ltr","folder":"zh_CN.lproj"},{"name":"繁體中文","isoName":"Traditional Chinese","isoCodes":["zh-tw","zh-hk","zh-mo","zh-hant"],"text-direction":"ltr","folder":"zh_TW.lproj"}]