{"css":"","framework":"duck-11.6.0","title":"Aiuto Apple Configurator","build_id":"5bda1cba0946224541e17a3e","quick_links":[],"icon":"..\/GlobalArt\/AppIconDefault_Configurator.png","sections":{"cad1423e8e":{"name":"Automatizzare la gestione dei dispositivi","children":["cad935fc6678","cad5b401e306","cade0f4df56f","cad856a8ea58"]},"apd929fa442b":{"name":"Utilizzare i profili di configurazione","children":["cadbf9de27","pmd85719196"]},"cad3873bbf9":{"name":"Modificare le impostazioni dei dispositivi","children":["cad9d4b2211e","cad789a3f0bd","cadbf9c2a0","cadbf9b61c","apdac704e5e436d4","cadbf9b585"]},"cad3870d5c7":{"name":"Informazioni su Apple Configurator","children":["cadf1802aed","cadbf9a73b","cadba54b43cf","cad35876148"]},"apdac704e5e436d4":{"name":"Opzioni avanzate","children":["cad51dc073ab","cadbf9c172","cad367dc4593","cad8cb745a89","cad20618e8a5","apd647013cbb","apdc9f8f1265"]},"cad3ff2c171c":{"name":"Organizzare i dispositivi","children":["cadbf9b74a","cadc8bdcae2","cad382675275"]},"cade3f74fb5":{"name":"Preparare dispositivi","children":["cade8b212c76","apd9e4f64088","cad99bc2a859","cadf4637b47e","cada1ba9dab1","apdebea5be51","apd0020c3dc2"]},"cadbf9c9d6":{"name":"Distribuire app e libri","children":["cadeff1b0be8","cad451d02ef","cadbf9c811","cad525c10b6","cad88542d224","cadeaa4649f2","cadbf9c93f","apdfa969542e","cadbf9cc10"]}},"birdseed_version":5,"toc":["cad3870d5c7","cad3873bbf9","cad3ff2c171c","cade3f74fb5","cadbf9c9d6","cad1423e8e","apd929fa442b","apdd02324d83"],"locale":"it","version":"2.8.2","source_schema":"apd-schema","enable_tracking":false,"platform":"mac","build_date":"2018.10.31-14:23:13","landing":"cad3869a333","product":"configurator","urls":{},"copyright":"","show_previous_next":false,"topics":{"cada1ba9dab1":{"name":"Preparare dispositivi Apple TV"},"apd9e4f64088":{"name":"Informazioni sui dispositivi supervisionati"},"cad67d80cfc5":{"name":"payload","categories":["aside"]},"cad856a8ea58":{"name":"Installare lo strumento a riga di comando di Apple Configurator"},"cade0f4df56f":{"name":"Utilizzare le azioni di Automator di Apple Configurator"},"apd0020c3dc2":{"name":"Ripristinare computer portatili Apple dotati di chip di sicurezza Apple T2"},"cad8BE0979F":{"name":"Informazioni sul browser modelli"},"cadEB2BAA11":{"name":"Gestire i backup dei dispositivi"},"cad3869a333":{"name":"Aiuto Apple Configurator","href":"cad3869a333.html","categories":["landing"]},"cadbf9de27":{"name":"Aggiungere o rimuovere profili di configurazione"},"cad4CD08C03":{"name":"Aggiungere app"},"apdc9f8f1265":{"name":"Spegnere un dispositivo"},"cadf18023000":{"name":"Assegnare a un'organizzazione"},"cadbf9c2a0":{"name":"Modificare le informazioni sul dispositivo"},"cad35db7956b":{"name":"Trasferire le impostazioni sui modelli"},"cadB67FCD4F":{"name":"Aggiungere i profili di configurazione"},"cad201AF5F4":{"name":"Registrazione con un server MDM"},"cad801ee9c31":{"name":"Generare o scegliere un'identità di supervisione"},"cadbf9b61c":{"name":"Eseguire il backup e il ripristino dei dispositivi"},"cadbf9cc10":{"name":"Rivedere o recuperare i documenti"},"cadf65457261":{"name":"Informazioni sul programma VPP"},"cad0118F840":{"name":"Informazioni sul browser dispositivi","href":"cad0118F840.html"},"cadc8bdcae2":{"name":"Visualizzare o esportare informazioni del dispositivo"},"cad07f00ba66":{"name":"Trasferire gli elementi di Apple Configurator 1.x"},"cadCA7F62A1":{"name":"Visualizzare le informazioni sui modelli"},"cad67d80cfc6":{"name":"backup","categories":["aside"]},"cad029394f93":{"name":"restore","categories":["aside"]},"cadbf9a73b":{"name":"Requisiti"},"cad88542d224":{"name":"Visualizzare assegnazioni VPP"},"cad331FBA40":{"name":"Preferenze generali"},"cadbf9b74a":{"name":"Organizzare i dispositivi in gruppi"},"cadeff1b0be8":{"name":"Panoramica"},"cad367dc4593":{"name":"Riattivare un dispositivo"},"cad382675275":{"name":"Ordinare i dispositivi"},"cad386d6745":{"name":"configuration profile","categories":["aside"]},"cadF6A58F82":{"name":"Preferenze del server di gestione dei dispositivi mobili"},"cad5b401e306":{"name":"Informazioni sui modelli"},"cad24f188539":{"name":"Visualizzare le informazioni dei dispositivi","href":"cad24f188539.html"},"cad8cb745a89":{"name":"Cancellare contenuto e impostazioni"},"pmd85719196":{"name":"Creare e modificare i profili di configurazione"},"cad451d02ef":{"name":"Aggiungere elementi ai dispositivi"},"cad386d5f24":{"name":"supervised device","categories":["aside"]},"cad525c10b6":{"name":"Aggiungere app"},"cadeaa4649f2":{"name":"Revocare assegnazioni VPP"},"cad3847ED99S":{"name":"Aggiungere profili di configurazione"},"cade8b212c76":{"name":"Panoramica"},"cad4BD2F08":{"name":"Ripristinare da backup"},"cad20618e8a5":{"name":"Utilizzare i backup codificati"},"cad55642da38":{"name":"identity","categories":["aside"]},"cadf1802aed":{"name":"Panoramica"},"cad872129c58":{"name":"Creare un'organizzazione"},"cad4e7c25202":{"name":"Restrizioni disponibili per i dispositivi supervisionati"},"cad99bc2a859":{"name":"Preparare i dispositivi manualmente"},"cad9d4b2211e":{"name":"Collegare i dispositivi"},"apdebea5be51":{"name":"Ripristinare computer desktop Apple dotati di chip di sicurezza Apple T2"},"cadD19C7F58A7A":{"name":"Aggiungere app"},"cad5b6e3ebf2":{"name":"settings","categories":["aside"]},"cad935fc6678":{"name":"Panoramica"},"cadbf9c93f":{"name":"Aggiungere documenti"},"cadef0665e3d":{"name":"Profilo di registrazione automatica"},"cadC5A826C7":{"name":"Schermate di Impostazione Assistita"},"cadbf9c172":{"name":"Utilizzare la modalità app singola"},"apdfa969542e":{"name":"Aggiungere elementi a Libri"},"cad136c7ad1":{"name":"Account App Store"},"cad789a3f0bd":{"name":"Aggiornare i dispositivi"},"apdd02324d83":{"name":"Impostazioni MDM"},"cadbf9b585":{"name":"Non supervisionare i dispositivi"},"cadE65ABDCD":{"name":"Preferenze delle organizzazioni"},"cadb1d640325":{"name":"Funzionalità della modalità app singola"},"cadbf9c811":{"name":"Utilizzare la distribuzione gestita"},"cad870c97ab9":{"name":"Riempire le informazioni sull'organizzazione"},"cade560bac0e":{"name":"Problemi di assegnazione delle app"},"cad386d5e07":{"name":"unsupervised device","categories":["aside"]},"cadCA38D79A":{"name":"Utilizzare i tag"},"cad4405b63fd":{"name":"Informazioni sulle identità"},"cad300fdbde9":{"name":"Credenziali di registrazione automatica"},"apd647013cbb":{"name":"Riavviare un dispositivo"},"cad35876148":{"name":"Visualizzare la console dispositivo","href":"cad35876148.html","summary":"Visualizzare i log del dispositivo Apple Configurator."},"cadf4637b47e":{"name":"Preparare i dispositivi mediante la registrazione automatica"},"cadba54b43cf":{"name":"Visualizzare l'attività"},"cad51dc073ab":{"name":"Gestire token e codici"},"cad828dd670e":{"name":"mobile device management (MDM)","categories":["aside"]}},"copyright_text":"Copyright © 2018 Apple Inc. Tutti i diritti riservati."}