{"css":"","framework":"duck-11.6.0","title":"Apple Configurator Help","build_id":"5bd38a98094622ba76d65303","quick_links":[],"icon":"..\/GlobalArt\/AppIconDefault_Configurator.png","sections":{"cad1423e8e":{"name":"Automate device management","children":["cad935fc6678","cad5b401e306","cade0f4df56f","cad856a8ea58"]},"apd929fa442b":{"name":"Use configuration profiles","children":["cadbf9de27","pmd85719196"]},"cad3873bbf9":{"name":"Modify device settings","children":["cad9d4b2211e","cad789a3f0bd","cadbf9c2a0","cadbf9b61c","apdac704e5e436d4","cadbf9b585"]},"cad3870d5c7":{"name":"About Apple Configurator","children":["cadf1802aed","cadbf9a73b","cadba54b43cf","cad35876148"]},"apdac704e5e436d4":{"name":"Advanced options","children":["cad51dc073ab","cadbf9c172","cad367dc4593","cad8cb745a89","cad20618e8a5","apd647013cbb","apdc9f8f1265"]},"cad3ff2c171c":{"name":"Organize devices","children":["cadbf9b74a","cadc8bdcae2","cad382675275"]},"cade3f74fb5":{"name":"Prepare devices","children":["cade8b212c76","apd9e4f64088","cad99bc2a859","cadf4637b47e","cada1ba9dab1","apdebea5be51","apd0020c3dc2"]},"cadbf9c9d6":{"name":"Distribute apps and books","children":["cadeff1b0be8","cad451d02ef","cadbf9c811","cad525c10b6","cad88542d224","cadeaa4649f2","cadbf9c93f","apdfa969542e","cadbf9cc10"]}},"birdseed_version":5,"toc":["cad3870d5c7","cad3873bbf9","cad3ff2c171c","cade3f74fb5","cadbf9c9d6","cad1423e8e","apd929fa442b","apdd02324d83"],"locale":"en","version":"2.8.2","source_schema":"apd-schema","enable_tracking":false,"collect_feedback":true,"platform":"mac","build_date":"2018.10.26-14:46:00","landing":"cad3869a333","product":"configurator","urls":{},"copyright":"","show_previous_next":false,"topics":{"cada1ba9dab1":{"name":"Prepare Apple TV devices"},"apd9e4f64088":{"name":"About supervised devices"},"cad67d80cfc5":{"name":"payload","categories":["aside"]},"cad856a8ea58":{"name":"Install the Apple Configurator command-line tool"},"cade0f4df56f":{"name":"Use Apple Configurator Automator actions"},"apd0020c3dc2":{"name":"Restore Apple portable computers that have the Apple T2 Security Chip"},"cad8BE0979F":{"name":"About the blueprint browser"},"cadEB2BAA11":{"name":"Manage device backups"},"cad3869a333":{"name":"Apple Configurator Help","href":"cad3869a333.html","categories":["landing"]},"cadbf9de27":{"name":"Add or remove configuration profiles"},"cad4CD08C03":{"name":"Add apps"},"apdc9f8f1265":{"name":"Shut down a device"},"cadf18023000":{"name":"Assign to an organization"},"cadbf9c2a0":{"name":"Modify device information"},"cad35db7956b":{"name":"Migrate settings to blueprints"},"cadB67FCD4F":{"name":"Add configuration profiles"},"cad201AF5F4":{"name":"Enroll in an MDM server"},"cad801ee9c31":{"name":"Generate or choose a supervision identity"},"cadbf9b61c":{"name":"Back up and restore devices"},"cadbf9cc10":{"name":"Review or retrieve documents"},"cadf65457261":{"name":"About the Volume Purchase Program"},"cad0118F840":{"name":"About the device browser","href":"cad0118F840.html"},"cadc8bdcae2":{"name":"View or export device info"},"cad07f00ba66":{"name":"Migrate Apple Configurator 1.x items"},"cadCA7F62A1":{"name":"View blueprint information"},"cad67d80cfc6":{"name":"backup","categories":["aside"]},"cad029394f93":{"name":"restore","categories":["aside"]},"cadbf9a73b":{"name":"Requirements"},"cad88542d224":{"name":"View VPP assignments"},"cad331FBA40":{"name":"General preferences"},"cadbf9b74a":{"name":"Organize devices in groups"},"cadeff1b0be8":{"name":"Overview"},"cad367dc4593":{"name":"Revive a device"},"cad382675275":{"name":"Sort devices"},"cad386d6745":{"name":"configuration profile","categories":["aside"]},"cadF6A58F82":{"name":"Mobile device management server preferences"},"cad5b401e306":{"name":"About Blueprints"},"cad24f188539":{"name":"View device information","href":"cad24f188539.html"},"cad8cb745a89":{"name":"Erase all content and settings"},"pmd85719196":{"name":"Create and edit configuration profiles"},"cad451d02ef":{"name":"Add items to devices"},"cad386d5f24":{"name":"supervised device","categories":["aside"]},"cad525c10b6":{"name":"Add apps"},"cadeaa4649f2":{"name":"Revoke VPP assignments"},"cad3847ED99S":{"name":"Add configuration profiles"},"cade8b212c76":{"name":"Overview"},"cad4BD2F08":{"name":"Restore from backup"},"cad20618e8a5":{"name":"Use encrypted backups"},"cad55642da38":{"name":"identity","categories":["aside"]},"cadf1802aed":{"name":"Overview"},"cad872129c58":{"name":"Create an organization"},"cad4e7c25202":{"name":"Restrictions available for supervised devices"},"cad99bc2a859":{"name":"Prepare devices manually"},"cad9d4b2211e":{"name":"Connect devices"},"apdebea5be51":{"name":"Restore Apple desktop computers that have the Apple T2 Security Chip"},"cadD19C7F58A7A":{"name":"Add apps"},"cad5b6e3ebf2":{"name":"settings","categories":["aside"]},"cad935fc6678":{"name":"Overview"},"cadbf9c93f":{"name":"Add documents"},"cadef0665e3d":{"name":"Automated enrollment profile"},"cadC5A826C7":{"name":"Setup Assistant screens"},"cadbf9c172":{"name":"Use Single App Mode"},"apdfa969542e":{"name":"Add items to Books"},"cad136c7ad1":{"name":"App Store account"},"cad789a3f0bd":{"name":"Update devices"},"apdd02324d83":{"name":"MDM settings"},"cadbf9b585":{"name":"Unsupervise devices"},"cadE65ABDCD":{"name":"Organization preferences"},"cadb1d640325":{"name":"Single App Mode features"},"cadbf9c811":{"name":"Use Managed Distribution"},"cad870c97ab9":{"name":"Fill in your organization information"},"cade560bac0e":{"name":"App-based assignment errors"},"cad386d5e07":{"name":"unsupervised device","categories":["aside"]},"cadCA38D79A":{"name":"Use Tags"},"cad4405b63fd":{"name":"About identities"},"cad300fdbde9":{"name":"Automated enrollment credentials"},"apd647013cbb":{"name":"Restart a device"},"cad35876148":{"name":"View the device console","href":"cad35876148.html","summary":"View Apple Configurator device log files."},"cadf4637b47e":{"name":"Prepare devices using automated enrollment"},"cadba54b43cf":{"name":"View activity"},"cad51dc073ab":{"name":"Manage tokens and passcodes"},"cad828dd670e":{"name":"mobile device management (MDM)","categories":["aside"]}},"copyright_text":"Copyright © 2018 Apple Inc. All rights reserved."}