{
  "f8e6b000-5643-4b86-9080-aa680ce1f599": {
    "asset": 1520237598000,
    "meta": 1520237598000,
    "relativePath": "image"
  },
  "e851e89b-faa2-4484-bea6-5c01dd9f06e2": {
    "asset": 1520237598000,
    "meta": 1528193797000,
    "relativePath": "image/default_btn_normal.png"
  },
  "71561142-4c83-4933-afca-cb7a17f67053": {
    "asset": 1520237598000,
    "meta": 1528193797000,
    "relativePath": "image/default_btn_disabled.png"
  },
  "d81ec8ad-247c-4e62-aa3c-d35c4193c7af": {
    "asset": 1520237598000,
    "meta": 1528193797000,
    "relativePath": "image/default_panel.png"
  },
  "b43ff3c2-02bb-4874-81f7-f2dea6970f18": {
    "asset": 1520237598000,
    "meta": 1528193797000,
    "relativePath": "image/default_btn_pressed.png"
  },
  "99170b0b-d210-46f1-b213-7d9e3f23098a": {
    "asset": 1520237598000,
    "meta": 1528193797000,
    "relativePath": "image/default_progressbar_bg.png"
  },
  "cfef78f1-c8df-49b7-8ed0-4c953ace2621": {
    "asset": 1520237598000,
    "meta": 1528193797000,
    "relativePath": "image/default_progressbar.png"
  },
  "567dcd80-8bf4-4535-8a5a-313f1caf078a": {
    "asset": 1520237598000,
    "meta": 1528193797000,
    "relativePath": "image/default_radio_button_off.png"
  },
  "9d60001f-b5f4-4726-a629-2659e3ded0b8": {
    "asset": 1520237598000,
    "meta": 1528193797000,
    "relativePath": "image/default_radio_button_on.png"
  },
  "4bab67cb-18e6-4099-b840-355f0473f890": {
    "asset": 1520237598000,
    "meta": 1528193798000,
    "relativePath": "image/default_scrollbar_bg.png"
  },
  "617323dd-11f4-4dd3-8eec-0caf6b3b45b9": {
    "asset": 1520237598000,
    "meta": 1528193798000,
    "relativePath": "image/default_scrollbar_vertical_bg.png"
  },
  "d6d3ca85-4681-47c1-b5dd-d036a9d39ea2": {
    "asset": 1520237598000,
    "meta": 1528193798000,
    "relativePath": "image/default_scrollbar_vertical.png"
  },
  "0291c134-b3da-4098-b7b5-e397edbe947f": {
    "asset": 1520237598000,
    "meta": 1528193798000,
    "relativePath": "image/default_scrollbar.png"
  },
  "0275e94c-56a7-410f-bd1a-fc7483f7d14a": {
    "asset": 1520237598000,
    "meta": 1528193798000,
    "relativePath": "image/default_sprite_splash.png"
  },
  "6e056173-d285-473c-b206-40a7fff5386e": {
    "asset": 1520237598000,
    "meta": 1528193798000,
    "relativePath": "image/default_sprite.png"
  },
  "73a0903d-d80e-4e3c-aa67-f999543c08f5": {
    "asset": 1520237598000,
    "meta": 1528193798000,
    "relativePath": "image/default_toggle_checkmark.png"
  },
  "c25b9d50-c8fc-4d27-beeb-6e7c1f2e5c0f": {
    "asset": 1520237598000,
    "meta": 1528193798000,
    "relativePath": "image/default_toggle_disabled.png"
  },
  "d29077ba-1627-4a72-9579-7b56a235340c": {
    "asset": 1520237598000,
    "meta": 1528193798000,
    "relativePath": "image/default_toggle_normal.png"
  },
  "fc09f9bd-2cce-4605-b630-8145ef809ed6": {
    "asset": 1520237598000,
    "meta": 1520237598000,
    "relativePath": "misc"
  },
  "2be36297-9abb-4fee-8049-9ed5e271da8a": {
    "asset": 1520237598000,
    "meta": 1520237598000,
    "relativePath": "misc/default_video.mp4"
  },
  "f6e6dd15-71d1-4ffe-ace7-24fd39942c05": {
    "asset": 1520237598000,
    "meta": 1520237598000,
    "relativePath": "obsolete"
  },
  "b181c1e4-0a72-4a91-bfb0-ae6f36ca60bd": {
    "asset": 1520237598000,
    "meta": 1528193798000,
    "relativePath": "image/default_toggle_pressed.png"
  },
  "b8223619-7e38-47c4-841f-9160c232495a": {
    "asset": 1520237598000,
    "meta": 1520237598000,
    "relativePath": "obsolete/atom.plist"
  },
  "f743d2b6-b7ea-4c14-a55b-547ed4d0a045": {
    "asset": 1520237598000,
    "meta": 1520237598000,
    "relativePath": "particle"
  },
  "b2687ac4-099e-403c-a192-ff477686f4f5": {
    "asset": 1520237598000,
    "meta": 1520237598000,
    "relativePath": "particle/atom.plist"
  },
  "ae6c6c98-11e4-452f-8758-75f5c6a56e83": {
    "asset": 1520237598000,
    "meta": 1520237598000,
    "relativePath": "prefab"
  },
  "2c937608-2562-40ea-b264-7395df6f0cea": {
    "asset": 1520237598000,
    "meta": 1528193798000,
    "relativePath": "prefab/canvas.prefab"
  },
  "972b9a4d-47ee-4c74-b5c3-61d8a69bc29f": {
    "asset": 1520237598000,
    "meta": 1528193798000,
    "relativePath": "prefab/button.prefab"
  },
  "27756ebb-3d33-44b0-9b96-e858fadd4dd4": {
    "asset": 1520237598000,
    "meta": 1528193798000,
    "relativePath": "prefab/label.prefab"
  },
  "61aeb05b-3b32-452b-8eed-2b76deeed554": {
    "asset": 1520237598000,
    "meta": 1528193798000,
    "relativePath": "prefab/editbox.prefab"
  },
  "ca8401fe-ad6e-41a8-bd46-8e3e4e9945be": {
    "asset": 1520237598000,
    "meta": 1528193798000,
    "relativePath": "prefab/pageview.prefab"
  },
  "785a442c-3ceb-45be-a46e-7317f625f3b9": {
    "asset": 1520237598000,
    "meta": 1528193798000,
    "relativePath": "prefab/layout.prefab"
  },
  "5965ffac-69da-4b55-bcde-9225d0613c28": {
    "asset": 1520237598000,
    "meta": 1528193798000,
    "relativePath": "prefab/progressBar.prefab"
  },
  "cd33edea-55f5-46c2-958d-357a01384a36": {
    "asset": 1520237598000,
    "meta": 1528193798000,
    "relativePath": "prefab/particlesystem.prefab"
  },
  "32044bd2-481f-4cf1-a656-e2b2fb1594eb": {
    "asset": 1520237598000,
    "meta": 1528193798000,
    "relativePath": "prefab/scrollview.prefab"
  },
  "4a37dd57-78cd-4cec-aad4-f11a73d12b63": {
    "asset": 1520237598000,
    "meta": 1528193798000,
    "relativePath": "prefab/richtext.prefab"
  },
  "0004d1cf-a0ad-47d8-ab17-34d3db9d35a3": {
    "asset": 1520237598000,
    "meta": 1528193798000,
    "relativePath": "prefab/slider.prefab"
  },
  "1f55e3be-b89b-4b79-88de-47fd31018044": {
    "asset": 1520237598000,
    "meta": 1528193798000,
    "relativePath": "prefab/sprite_splash.prefab"
  },
  "96083d03-c332-4a3f-9386-d03e2d19e8ee": {
    "asset": 1520237598000,
    "meta": 1528193798000,
    "relativePath": "prefab/sprite.prefab"
  },
  "7de03a80-4457-438d-95a7-3e7cdffd6086": {
    "asset": 1520237598000,
    "meta": 1528193798000,
    "relativePath": "prefab/tiledmap.prefab"
  },
  "bf0a434c-84dd-4a8e-a08a-7a36f180cc75": {
    "asset": 1520237598000,
    "meta": 1528193798000,
    "relativePath": "prefab/toggleContainer.prefab"
  },
  "0d784963-d024-4ea6-a7db-03be0ad63010": {
    "asset": 1520237598000,
    "meta": 1528193798000,
    "relativePath": "prefab/toggle.prefab"
  },
  "232d2782-c4bd-4bb4-9e01-909f03d6d3b9": {
    "asset": 1520237598000,
    "meta": 1528193798000,
    "relativePath": "prefab/videoplayer.prefab"
  },
  "d1b8be49-b0a0-435c-83b7-552bed4bbe35": {
    "asset": 1520237598000,
    "meta": 1528193798000,
    "relativePath": "prefab/toggleGroup.prefab"
  },
  "8c5001fd-07ee-4a4b-a8a0-63e15195e94d": {
    "asset": 1520237598000,
    "meta": 1528193798000,
    "relativePath": "prefab/webview.prefab"
  },
  "92817746-b5d1-4ffa-941c-1440c054a145": {
    "asset": 1503484926000,
    "meta": 1503484926000,
    "relativePath": "animation"
  },
  "b5e16d2d-db8b-4264-a50c-7b98121a9f42": {
    "asset": 1503484926000,
    "meta": 1528193798000,
    "relativePath": "animation/blackjack.anim"
  },
  "e1facc40-00d0-4fac-85dd-051fe220a8e1": {
    "asset": 1503484926000,
    "meta": 1528193798000,
    "relativePath": "animation/bust.anim"
  },
  "fad71a85-df76-4b8e-8cab-38963a452803": {
    "asset": 1503484926000,
    "meta": 1503484926000,
    "relativePath": "atlas"
  },
  "0298d0e9-32ea-4e61-8184-f7fcc552e256": {
    "asset": 1503484926000,
    "meta": 1528193798000,
    "relativePath": "animation/chip_toss.anim"
  },
  "59177601-e6e9-4f2d-bf46-644f1a2c7faa": {
    "asset": 1503484926000,
    "meta": 1528193799000,
    "relativePath": "atlas/card.plist"
  },
  "6b658474-f0ef-4629-a5a2-8202060d4dab": {
    "asset": 1503484926000,
    "meta": 1528193799000,
    "relativePath": "atlas/fx_animation.plist"
  },
  "3613c6a9-7f48-4446-ad36-0d911a00e6f4": {
    "asset": 1503484926000,
    "meta": 1528193798000,
    "relativePath": "atlas/fx_animation.png"
  },
  "b296171f-3fcf-45db-94c9-e30485534dc0": {
    "asset": 1503484926000,
    "meta": 1528193799000,
    "relativePath": "atlas/menu.plist"
  },
  "361bb0f7-fd0c-4a18-896e-a63eb17f9b9c": {
    "asset": 1503484926000,
    "meta": 1528193798000,
    "relativePath": "atlas/card.png"
  },
  "4b29ac7e-f9ff-48be-a00d-4a3754645705": {
    "asset": 1503484926000,
    "meta": 1528193799000,
    "relativePath": "atlas/shared.plist"
  },
  "a5a9e16f-0ef7-46f3-aa69-564b6532d3f6": {
    "asset": 1503484926000,
    "meta": 1528193798000,
    "relativePath": "atlas/menu.png"
  },
  "c5f60c62-1ec5-4865-9a5b-25b3ec70f247": {
    "asset": 1503484926000,
    "meta": 1528193798000,
    "relativePath": "atlas/shared.png"
  },
  "017142ed-9ec2-486b-a8ab-fe28b0ea72cb": {
    "asset": 1503484926000,
    "meta": 1528193799000,
    "relativePath": "atlas/table.plist"
  },
  "5e609672-4ad5-456c-b651-6cecf75b4b3c": {
    "asset": 1503484926000,
    "meta": 1503484926000,
    "relativePath": "font"
  },
  "c2977d0b-345f-4f7b-8bc8-ace37324e34e": {
    "asset": 1503484926000,
    "meta": 1528193799000,
    "relativePath": "font/poker_number.fnt"
  },
  "1131cf72-fd17-481f-ac93-2b18f2fcc05f": {
    "asset": 1503484926000,
    "meta": 1528193798000,
    "relativePath": "font/poker_number.png"
  },
  "d80d3fa9-3ca7-4431-ab5f-88bf39b1068a": {
    "asset": 1503484926000,
    "meta": 1528193799000,
    "relativePath": "font/stake_number.fnt"
  },
  "5bbb106e-64a8-47e6-9608-a31fcd1deb43": {
    "asset": 1503484926000,
    "meta": 1528193798000,
    "relativePath": "font/stake_number.png"
  },
  "a0181a7b-9c3d-4126-a012-acf5a1e095a2": {
    "asset": 1503484926000,
    "meta": 1503484926000,
    "relativePath": "prefabs"
  },
  "1be1ace3-b9b3-4bf4-9c45-5c1d9eccac08": {
    "asset": 1503484926000,
    "meta": 1528193798000,
    "relativePath": "prefabs/cardPrefab.prefab"
  },
  "84f185f7-d55f-41f6-9aa6-8675392b6567": {
    "asset": 1503484926000,
    "meta": 1528193798000,
    "relativePath": "prefabs/chipPrefab.prefab"
  },
  "ab053ea5-cc4e-4131-b540-51719b5d05f6": {
    "asset": 1503484926000,
    "meta": 1528193798000,
    "relativePath": "atlas/table.png"
  },
  "e7b4811b-3fb0-4e2f-a31f-757a87273ca9": {
    "asset": 1503484926000,
    "meta": 1528193798000,
    "relativePath": "prefabs/playerPrefab.prefab"
  },
  "cb4978f7-1c04-4327-9d99-1fa7361f1654": {
    "asset": 1503484926000,
    "meta": 1503484926000,
    "relativePath": "scenes"
  },
  "3f7d6f14-8e3f-432c-a537-09c8c7e03b76": {
    "asset": 1503484926000,
    "meta": 1528193798000,
    "relativePath": "prefabs/rankItem.prefab"
  },
  "8a546935-70d4-42d2-a051-8d0e76f28008": {
    "asset": 1503484926000,
    "meta": 1528193798000,
    "relativePath": "scenes/menu.fire"
  },
  "0ea9fb8e-b46b-4c18-b1cc-5e62da8c29ff": {
    "asset": 1503484926000,
    "meta": 1528193798000,
    "relativePath": "scenes/table.fire"
  },
  "24c35ca2-9556-46f7-b1c1-de60f0fd8a97": {
    "asset": 1503484926000,
    "meta": 1503484926000,
    "relativePath": "scripts"
  },
  "7d008753-7fac-41d9-9d30-080773875471": {
    "asset": 1503484926000,
    "meta": 1528193799000,
    "relativePath": "scripts/Actor.js"
  },
  "1a79228e-f3b3-4183-bbc2-088a758eafa3": {
    "asset": 1503484926000,
    "meta": 1528193799000,
    "relativePath": "scripts/ActorRenderer.js"
  },
  "545222dc-a15a-4f1d-baea-620c29ff5426": {
    "asset": 1503484926000,
    "meta": 1528193799000,
    "relativePath": "scripts/AssetMng.js"
  },
  "01ca4b52-b6f5-47f8-9999-e5335c9ae02e": {
    "asset": 1503484926000,
    "meta": 1528193799000,
    "relativePath": "scripts/AudioMng.js"
  },
  "28f38c93-a13d-4fc3-b360-c9e0af4710c2": {
    "asset": 1503484926000,
    "meta": 1528193799000,
    "relativePath": "scripts/Bet.js"
  },
  "ab67ee50-9225-4205-9dc3-20c95686202d": {
    "asset": 1503484926000,
    "meta": 1528193799000,
    "relativePath": "scripts/Card.js"
  },
  "ce2dfa2a-12e9-4708-b8d2-d59f713cdeed": {
    "asset": 1503484926000,
    "meta": 1528193799000,
    "relativePath": "scripts/Dealer.js"
  },
  "68da2ca3-7465-4c49-8857-2cdf43ba4201": {
    "asset": 1503484926000,
    "meta": 1528193799000,
    "relativePath": "scripts/FXPlayer.js"
  },
  "a821757b-0c78-4228-a80f-f3aee0498aa9": {
    "asset": 1503484926000,
    "meta": 1503484926000,
    "relativePath": "scripts/lib"
  },
  "6373838e-3421-4a1e-ab1f-e1049e252ba7": {
    "asset": 1503484926000,
    "meta": 1528193799000,
    "relativePath": "scripts/Game.js"
  },
  "71d92f77-9b1f-4216-bca1-26f470f39652": {
    "asset": 1503484926000,
    "meta": 1528193799000,
    "relativePath": "scripts/lib/state.com.js"
  },
  "20f609be-dd19-463b-bc76-fc047367a41c": {
    "asset": 1503484926000,
    "meta": 1528193799000,
    "relativePath": "scripts/Menu.js"
  },
  "535bf72e-10b3-44ce-94a5-2346365ac9ed": {
    "asset": 1503484926000,
    "meta": 1503484926000,
    "relativePath": "scripts/module"
  },
  "170241b4-245a-4770-b239-19111b17c54d": {
    "asset": 1503484926000,
    "meta": 1528193799000,
    "relativePath": "scripts/module/Decks.js"
  },
  "6510dd52-9904-4c31-81fc-144200ef35ea": {
    "asset": 1503484926000,
    "meta": 1528193799000,
    "relativePath": "scripts/module/game-fsm.js"
  },
  "4f9c5797-c6a8-4700-a2f1-65e4668070c1": {
    "asset": 1503484926000,
    "meta": 1528193799000,
    "relativePath": "scripts/module/PlayerData.js"
  },
  "5b63340c-431a-4599-87ad-a1f12f2b6503": {
    "asset": 1503484926000,
    "meta": 1528193799000,
    "relativePath": "scripts/module/Types.js"
  },
  "735907ac-93ac-4ff4-80aa-85f5196a5320": {
    "asset": 1503484926000,
    "meta": 1528193799000,
    "relativePath": "scripts/module/Utils.js"
  },
  "226a202f-cd1a-472f-b489-193332e4f0d7": {
    "asset": 1503484926000,
    "meta": 1528193799000,
    "relativePath": "scripts/Player.js"
  },
  "3aae7959-2b28-4faa-ab0b-0f7c0c2a5e97": {
    "asset": 1503484926000,
    "meta": 1528193799000,
    "relativePath": "scripts/SideSwitcher.js"
  },
  "b4eb52e8-e94d-4867-8789-5aec52842747": {
    "asset": 1503484926000,
    "meta": 1528193799000,
    "relativePath": "scripts/TossChip.js"
  },
  "2cf680bb-4714-4ea7-bdcb-b9d63506b507": {
    "asset": 1503484926000,
    "meta": 1503484926000,
    "relativePath": "scripts/UI"
  },
  "a171d4a7-0971-4c44-8aac-d4859dbe058c": {
    "asset": 1503484926000,
    "meta": 1528193799000,
    "relativePath": "scripts/UI/ButtonScaler.js"
  },
  "f192e7eb-a1e1-44c9-ac6d-7e1f13557633": {
    "asset": 1503484926000,
    "meta": 1528193799000,
    "relativePath": "scripts/UI/InGameUI.js"
  },
  "54397714-c5e8-46ce-a12a-a4c5061de8ec": {
    "asset": 1503484926000,
    "meta": 1528193799000,
    "relativePath": "scripts/UI/ModalUI.js"
  },
  "1657ec1f-8a30-4e5c-bab9-cc6aabe8fbc4": {
    "asset": 1503484926000,
    "meta": 1528193799000,
    "relativePath": "scripts/UI/RankItem.js"
  },
  "9ec7e3f9-f0f0-4292-8a43-3bc204a792bf": {
    "asset": 1503484926000,
    "meta": 1503484926000,
    "relativePath": "sfx"
  },
  "fe3fc231-0851-4bac-a1e0-eace7ec51514": {
    "asset": 1503484926000,
    "meta": 1528193799000,
    "relativePath": "scripts/UI/RankList.js"
  },
  "75e62b72-33b4-4e05-ab1a-2ded0aa0c238": {
    "asset": 1503484926000,
    "meta": 1503484926000,
    "relativePath": "sfx/achievement_won.mp3"
  },
  "49539cb0-3893-459a-b310-7cc1b7f6d335": {
    "asset": 1503484926000,
    "meta": 1503484926000,
    "relativePath": "sfx/bgm2.mp3"
  },
  "9e2ae507-fae5-4511-940b-f2e46f81b790": {
    "asset": 1503484926000,
    "meta": 1503484926000,
    "relativePath": "sfx/button.mp3"
  },
  "f2b99b3d-579d-44ef-93e1-0adf0c8e23d4": {
    "asset": 1503484926000,
    "meta": 1503484926000,
    "relativePath": "sfx/card_deal.mp3"
  },
  "2b8266f6-c4e3-40fe-91f4-699c347a0c31": {
    "asset": 1503484926000,
    "meta": 1503484926000,
    "relativePath": "sfx/chips_place.mp3"
  },
  "2957f94f-e8e3-4796-922b-82493265574b": {
    "asset": 1503484926000,
    "meta": 1503484926000,
    "relativePath": "sfx/fail.mp3"
  },
  "a03846c0-3496-45e4-85fb-abf8073465da": {
    "asset": 1503484926000,
    "meta": 1503484926000,
    "relativePath": "textures"
  },
  "2b4284f0-b25e-43b0-951c-551c48a4f79a": {
    "asset": 1503484926000,
    "meta": 1503484926000,
    "relativePath": "textures/UI"
  },
  "f3852f2a-7720-440e-9f8c-d3c447159648": {
    "asset": 1503484926000,
    "meta": 1528193799000,
    "relativePath": "textures/UI/biaoqing.png"
  },
  "e79017e8-b6b2-43b9-8c5b-0662fb0e0d81": {
    "asset": 1503484926000,
    "meta": 1528193799000,
    "relativePath": "textures/UI/circle_2.png"
  },
  "bc490754-c551-492e-a583-1c5c8de2f448": {
    "asset": 1503484926000,
    "meta": 1528193799000,
    "relativePath": "textures/UI/bg.png"
  },
  "cc243c7f-e13e-4634-8b6f-75bffbdebd50": {
    "asset": 1503484926000,
    "meta": 1528193799000,
    "relativePath": "textures/UI/zhuozi.jpg"
  }
}