{"css":"","framework":"duck-11.6.0","title":"Apple Configurator 帮助","build_id":"5bda1cba680ce2457f36c66a","quick_links":[],"icon":"..\/GlobalArt\/AppIconDefault_Configurator.png","sections":{"cad1423e8e":{"name":"自动化设备管理","children":["cad935fc6678","cad5b401e306","cade0f4df56f","cad856a8ea58"]},"apd929fa442b":{"name":"使用配置描述文件","children":["cadbf9de27","pmd85719196"]},"cad3873bbf9":{"name":"修改设备设置","children":["cad9d4b2211e","cad789a3f0bd","cadbf9c2a0","cadbf9b61c","apdac704e5e436d4","cadbf9b585"]},"cad3870d5c7":{"name":"关于 Apple Configurator","children":["cadf1802aed","cadbf9a73b","cadba54b43cf","cad35876148"]},"apdac704e5e436d4":{"name":"高级选项","children":["cad51dc073ab","cadbf9c172","cad367dc4593","cad8cb745a89","cad20618e8a5","apd647013cbb","apdc9f8f1265"]},"cad3ff2c171c":{"name":"整理设备","children":["cadbf9b74a","cadc8bdcae2","cad382675275"]},"cade3f74fb5":{"name":"准备设备","children":["cade8b212c76","apd9e4f64088","cad99bc2a859","cadf4637b47e","cada1ba9dab1","apdebea5be51","apd0020c3dc2"]},"cadbf9c9d6":{"name":"分发应用和图书","children":["cadeff1b0be8","cad451d02ef","cadbf9c811","cad525c10b6","cad88542d224","cadeaa4649f2","cadbf9c93f","apdfa969542e","cadbf9cc10"]}},"birdseed_version":5,"toc":["cad3870d5c7","cad3873bbf9","cad3ff2c171c","cade3f74fb5","cadbf9c9d6","cad1423e8e","apd929fa442b","apdd02324d83"],"locale":"zh-cn","version":"2.8.2","source_schema":"apd-schema","enable_tracking":false,"platform":"mac","build_date":"2018.10.31-14:23:25","landing":"cad3869a333","product":"configurator","urls":{},"copyright":"","show_previous_next":false,"topics":{"cada1ba9dab1":{"name":"准备 Apple TV 设备"},"apd9e4f64088":{"name":"关于被监督的设备"},"cad67d80cfc5":{"name":"payload","categories":["aside"]},"cad856a8ea58":{"name":"安装 Apple Configurator 命令行工具"},"cade0f4df56f":{"name":"使用 Apple Configurator 自动操作"},"apd0020c3dc2":{"name":"恢复配备 Apple T2 安全芯片的 Apple 便携式电脑"},"cad8BE0979F":{"name":"关于蓝图浏览器"},"cadEB2BAA11":{"name":"管理设备备份"},"cad3869a333":{"name":"Apple Configurator 帮助","href":"cad3869a333.html","categories":["landing"]},"cadbf9de27":{"name":"添加或移除配置描述文件"},"cad4CD08C03":{"name":"添加应用"},"apdc9f8f1265":{"name":"关闭设备"},"cadf18023000":{"name":"分配到组织"},"cadbf9c2a0":{"name":"修改设备信息"},"cad35db7956b":{"name":"将设置迁移到蓝图"},"cadB67FCD4F":{"name":"添加配置描述文件"},"cad201AF5F4":{"name":"注册 MDM 服务器"},"cad801ee9c31":{"name":"生成或选取监督身份"},"cadbf9b61c":{"name":"备份和恢复设备"},"cadbf9cc10":{"name":"检查或取回文稿"},"cadf65457261":{"name":"关于批量购买计划"},"cad0118F840":{"name":"关于设备浏览器","href":"cad0118F840.html"},"cadc8bdcae2":{"name":"查看或导出设备信息"},"cad07f00ba66":{"name":"迁移 Apple Configurator 1.x 项目"},"cadCA7F62A1":{"name":"查看蓝图信息"},"cad67d80cfc6":{"name":"backup","categories":["aside"]},"cad029394f93":{"name":"restore","categories":["aside"]},"cadbf9a73b":{"name":"要求"},"cad88542d224":{"name":"查看 VPP 分配"},"cad331FBA40":{"name":"“通用”偏好设置"},"cadbf9b74a":{"name":"将设备整理成群组"},"cadeff1b0be8":{"name":"概览"},"cad367dc4593":{"name":"修复设备"},"cad382675275":{"name":"给设备排序"},"cad386d6745":{"name":"configuration profile","categories":["aside"]},"cadF6A58F82":{"name":"移动设备管理服务器偏好设置"},"cad5b401e306":{"name":"关于蓝图"},"cad24f188539":{"name":"查看设备信息","href":"cad24f188539.html"},"cad8cb745a89":{"name":"抹掉所有内容和设置"},"pmd85719196":{"name":"创建和编辑配置描述文件"},"cad451d02ef":{"name":"将项目添加到设备"},"cad386d5f24":{"name":"supervised device","categories":["aside"]},"cad525c10b6":{"name":"添加应用"},"cadeaa4649f2":{"name":"撤销 VPP 分配"},"cad3847ED99S":{"name":"添加配置描述文件"},"cade8b212c76":{"name":"概览"},"cad4BD2F08":{"name":"从备份恢复"},"cad20618e8a5":{"name":"使用加密的备份"},"cad55642da38":{"name":"identity","categories":["aside"]},"cadf1802aed":{"name":"概览"},"cad872129c58":{"name":"创建组织"},"cad4e7c25202":{"name":"适用于被监督设备的访问限制"},"cad99bc2a859":{"name":"手动准备设备"},"cad9d4b2211e":{"name":"连接设备"},"apdebea5be51":{"name":"恢复配备 Apple T2 安全芯片的 Apple 台式电脑"},"cadD19C7F58A7A":{"name":"添加应用"},"cad5b6e3ebf2":{"name":"settings","categories":["aside"]},"cad935fc6678":{"name":"概览"},"cadbf9c93f":{"name":"添加文稿"},"cadef0665e3d":{"name":"自动注册描述文件"},"cadC5A826C7":{"name":"设置助理屏幕"},"cadbf9c172":{"name":"使用单应用模式"},"apdfa969542e":{"name":"将项目添加到“图书”"},"cad136c7ad1":{"name":"App Store 帐户"},"cad789a3f0bd":{"name":"更新设备"},"apdd02324d83":{"name":"MDM 设置"},"cadbf9b585":{"name":"取消监督设备"},"cadE65ABDCD":{"name":"“组织”偏好设置"},"cadb1d640325":{"name":"单应用模式功能"},"cadbf9c811":{"name":"使用管理的分发"},"cad870c97ab9":{"name":"填写组织信息"},"cade560bac0e":{"name":"基于应用的分配错误"},"cad386d5e07":{"name":"unsupervised device","categories":["aside"]},"cadCA38D79A":{"name":"使用标记"},"cad4405b63fd":{"name":"关于身份"},"cad300fdbde9":{"name":"自动注册凭证"},"apd647013cbb":{"name":"重新启动设备"},"cad35876148":{"name":"查看设备控制台","href":"cad35876148.html","summary":"查看 Apple Configurator 设备日志文件。"},"cadf4637b47e":{"name":"使用自动注册准备设备"},"cadba54b43cf":{"name":"查看活动"},"cad51dc073ab":{"name":"管理令牌和密码"},"cad828dd670e":{"name":"mobile device management (MDM)","categories":["aside"]}},"copyright_text":"Copyright © 2018 Apple Inc. 保留一切权利。"}