{
  "__type__": "cc.SpriteAtlas",
  "_name": "table.plist",
  "_objFlags": 0,
  "_rawFiles": null,
  "_spriteFrames": {
    "10K": {
      "__uuid__": "0270633e-f369-44fc-a7cb-5187164485e9"
    },
    "1K": {
      "__uuid__": "3347ee94-e51f-4a50-827e-4ded1638bcea"
    },
    "2K": {
      "__uuid__": "c7b3b53c-9388-4602-bcbf-adfb76e6fdc8"
    },
    "5K": {
      "__uuid__": "61218438-a277-4707-9a34-6755eb0ab48c"
    },
    "Stroke_photo_tanchuang": {
      "__uuid__": "0a250064-5439-4e1d-8b1d-4d863acc8ff3"
    },
    "baopai": {
      "__uuid__": "7c3b6b18-f9be-4dec-b2d4-b815a6c80b88"
    },
    "bg_gift": {
      "__uuid__": "31f9891c-86c4-4e54-b66f-78e18d26807d"
    },
    "bg_gold(1)": {
      "__uuid__": "fa5c1557-565b-46f1-94f4-45b2bb1865ce"
    },
    "bg_gold_touzhu": {
      "__uuid__": "70ba382c-100f-4087-8001-4abd4a0e57fd"
    },
    "bg_gold_zhuozi": {
      "__uuid__": "0e42c23d-0c3f-466b-a1df-1857c3ee066d"
    },
    "bg_huaxin": {
      "__uuid__": "5105148e-6b4e-42e2-bbb8-ae90d089c6bf"
    },
    "bg_inputbox": {
      "__uuid__": "e831b7e7-99dd-4b87-b10b-5a157903cbc2"
    },
    "bg_stroke": {
      "__uuid__": "bba3def0-8de6-4f54-9c8a-d9aed82e3e49"
    },
    "bg_stroke2": {
      "__uuid__": "47e9d4f5-24e8-4559-a505-16bbf3b68092"
    },
    "bg_tanchuang": {
      "__uuid__": "59a4560b-4887-4cb9-8a0d-2f61ca473aa8"
    },
    "bg_xitongxiaoxi": {
      "__uuid__": "2d06cc5a-0612-4ef6-b1f0-cc5f6322b711"
    },
    "button_blue": {
      "__uuid__": "1e1a530b-7e34-4dee-82ab-ebcbca12093c"
    },
    "button_erji": {
      "__uuid__": "073e4109-77c1-4343-bd52-3be8b3d77fed"
    },
    "button_fasong": {
      "__uuid__": "08289dfd-a2a8-4b00-b282-51e6b4c8abce"
    },
    "button_message": {
      "__uuid__": "933b45db-110f-4bb6-8a5f-5cb8cdb78a05"
    },
    "button_orange": {
      "__uuid__": "839f8eca-85f6-4884-8b6e-82ea48af546d"
    },
    "daojishi_down": {
      "__uuid__": "c7b24e18-8283-4ec1-8a17-2881a6145523"
    },
    "daojishi_photo": {
      "__uuid__": "e35ddbea-5981-4b36-b54d-816f61599f96"
    },
    "daojishi_up": {
      "__uuid__": "98c028b9-eeab-4ac4-99fc-cfd825004ade"
    },
    "dealer": {
      "__uuid__": "89c50949-e62d-40e6-aba9-1ccc6300691c"
    },
    "double": {
      "__uuid__": "606256e6-ba72-461d-8f7c-db12afc96b81"
    },
    "gift_bucket": {
      "__uuid__": "50181c61-7f4b-441f-8391-745408e2abc0"
    },
    "gift_kiss": {
      "__uuid__": "33d12588-5944-4ac0-bb7c-dbc41f54a996"
    },
    "gift_rose": {
      "__uuid__": "6203fdfe-078d-41f3-bc36-1ce8a447e3eb"
    },
    "gift_tomato": {
      "__uuid__": "28f82fb8-1e42-4e4d-a38d-a4c84d838f86"
    },
    "hit": {
      "__uuid__": "0fe0b1c0-b62d-4a98-b500-2a60cec0d9b2"
    },
    "icon_KO": {
      "__uuid__": "3f5ce1e1-7fb4-46da-9f22-180eb35e4582"
    },
    "icon_boy": {
      "__uuid__": "e65e1d97-52ca-4e3d-95e9-dc619a2c6e81"
    },
    "icon_girl": {
      "__uuid__": "bb3bb39e-9495-44d0-bed9-47499338c8e2"
    },
    "icon_gold_small": {
      "__uuid__": "f0fb1309-0589-4115-85b6-9d072f24721d"
    },
    "icon_qingkongtouzhu": {
      "__uuid__": "ebb488d4-2f98-43a9-8b98-1b0f22d8c3db"
    },
    "icon_touzhu-": {
      "__uuid__": "ea06d2fe-d27c-44c5-a003-254a86daa1a9"
    },
    "icon_usercp": {
      "__uuid__": "ca569662-990b-41ff-9213-943252513739"
    },
    "input-box": {
      "__uuid__": "2c465541-bec6-4395-8173-a05a3d5b7f38"
    },
    "paishu": {
      "__uuid__": "bb3018c2-474d-4e8e-8870-67d18c74c0cd"
    },
    "send": {
      "__uuid__": "d94f9a90-3a67-4999-a0e2-e9316bce31f2"
    },
    "stand": {
      "__uuid__": "46b55ec8-c1ba-41dd-bdb3-2a21c22101e3"
    },
    "txtCountdown": {
      "__uuid__": "398a5a3c-d3b9-4563-bfc5-e286d119f0d1"
    },
    "user-circle_1": {
      "__uuid__": "5411e8f8-1a17-4c27-bd4a-26f6c627a13b"
    },
    "user-circle_2": {
      "__uuid__": "5fdc099b-a062-4d49-8b5a-b24ddc84db5f"
    },
    "user-circle_3": {
      "__uuid__": "13a2d1fc-1883-4e80-afc0-ecd85d57ed7c"
    },
    "user-circle_4": {
      "__uuid__": "b9d35f1e-9452-4222-a24a-5d4d4007fb58"
    },
    "user-circle_5": {
      "__uuid__": "bc0bfda6-f0b2-463d-b4f4-1e5a6ea74207"
    }
  }
}